{
    "mean_fit_time": [
        5.575296759605408
    ],
    "std_fit_time": [
        0.764837463447925
    ],
    "mean_score_time": [
        0.0672149419784546
    ],
    "std_score_time": [
        0.012226006319666999
    ],
    "params": [
        {}
    ],
    "split0_test_r2": [
        0.9086831365975774
    ],
    "split1_test_r2": [
        0.8997384193910803
    ],
    "split2_test_r2": [
        0.9230686457204871
    ],
    "split3_test_r2": [
        0.9167721491447504
    ],
    "split4_test_r2": [
        0.91467631161497
    ],
    "split5_test_r2": [
        0.9178086115902845
    ],
    "split6_test_r2": [
        0.9072662554991644
    ],
    "split7_test_r2": [
        0.9143450412795565
    ],
    "split8_test_r2": [
        0.9253836425659896
    ],
    "split9_test_r2": [
        0.9200456445653297
    ],
    "mean_test_r2": [
        0.914778785796919
    ],
    "std_test_r2": [
        0.007362636859360851
    ],
    "rank_test_r2": [
        1
    ],
    "split0_train_r2": [
        0.9123198873586413
    ],
    "split1_train_r2": [
        0.9059006980721651
    ],
    "split2_train_r2": [
        0.9242230134223353
    ],
    "split3_train_r2": [
        0.9158192426802934
    ],
    "split4_train_r2": [
        0.9205703101042987
    ],
    "split5_train_r2": [
        0.9147472557584502
    ],
    "split6_train_r2": [
        0.9074664208466799
    ],
    "split7_train_r2": [
        0.9150532506550506
    ],
    "split8_train_r2": [
        0.9217625063794208
    ],
    "split9_train_r2": [
        0.9218357011207333
    ],
    "mean_train_r2": [
        0.9159698286398068
    ],
    "std_train_r2": [
        0.005887426821126161
    ],
    "split0_test_rmse": [
        1205.6044628845395
    ],
    "split1_test_rmse": [
        1269.7956533471367
    ],
    "split2_test_rmse": [
        1110.5070429774185
    ],
    "split3_test_rmse": [
        1143.4984301209017
    ],
    "split4_test_rmse": [
        1160.6116945963527
    ],
    "split5_test_rmse": [
        1167.0668167258561
    ],
    "split6_test_rmse": [
        1211.6008484692811
    ],
    "split7_test_rmse": [
        1149.8518148291685
    ],
    "split8_test_rmse": [
        1093.5677383202585
    ],
    "split9_test_rmse": [
        1125.9357943249368
    ],
    "mean_test_rmse": [
        1163.804029659585
    ],
    "std_test_rmse": [
        50.10146056733448
    ],
    "rank_test_rmse": [
        1
    ],
    "split0_train_rmse": [
        1181.794357826446
    ],
    "split1_train_rmse": [
        1223.5724238719813
    ],
    "split2_train_rmse": [
        1098.2193019525953
    ],
    "split3_train_rmse": [
        1158.7995973777804
    ],
    "split4_train_rmse": [
        1125.3192333823865
    ],
    "split5_train_rmse": [
        1162.6053571983223
    ],
    "split6_train_rmse": [
        1214.4325166755395
    ],
    "split7_train_rmse": [
        1165.169667304222
    ],
    "split8_train_rmse": [
        1115.891522093909
    ],
    "split9_train_rmse": [
        1116.061794130031
    ],
    "mean_train_rmse": [
        1156.1865771813214
    ],
    "std_train_rmse": [
        40.32940904726376
    ],
    "split0_test_mae": [
        921.6070117416857
    ],
    "split1_test_mae": [
        1025.3578003204937
    ],
    "split2_test_mae": [
        820.0196617322491
    ],
    "split3_test_mae": [
        918.072676190586
    ],
    "split4_test_mae": [
        888.059245623972
    ],
    "split5_test_mae": [
        905.532736462826
    ],
    "split6_test_mae": [
        993.7605429431443
    ],
    "split7_test_mae": [
        909.7781412804794
    ],
    "split8_test_mae": [
        802.5291115953254
    ],
    "split9_test_mae": [
        862.6236594687964
    ],
    "mean_test_mae": [
        904.7340587359558
    ],
    "std_test_mae": [
        65.29794272118218
    ],
    "rank_test_mae": [
        1
    ],
    "split0_train_mae": [
        909.9063962917849
    ],
    "split1_train_mae": [
        986.6654095663519
    ],
    "split2_train_mae": [
        813.574267787138
    ],
    "split3_train_mae": [
        932.3660986222314
    ],
    "split4_train_mae": [
        875.9291570170907
    ],
    "split5_train_mae": [
        899.476688072632
    ],
    "split6_train_mae": [
        990.7183991859895
    ],
    "split7_train_mae": [
        913.4678895117315
    ],
    "split8_train_mae": [
        827.2298972466548
    ],
    "split9_train_mae": [
        865.489083370141
    ],
    "mean_train_mae": [
        901.4823286671744
    ],
    "std_train_mae": [
        56.19734068973987
    ]
}