{
    "mean_fit_time": [
        30.232034778594972
    ],
    "std_fit_time": [
        8.332781309486156
    ],
    "mean_score_time": [
        0.06662576198577881
    ],
    "std_score_time": [
        0.030787501196144602
    ],
    "params": [
        {}
    ],
    "split0_test_r2": [
        0.982672375522855
    ],
    "split1_test_r2": [
        0.9822039254567957
    ],
    "split2_test_r2": [
        0.9846095144228489
    ],
    "split3_test_r2": [
        0.9841513847184488
    ],
    "split4_test_r2": [
        0.9843241268717987
    ],
    "split5_test_r2": [
        0.9829715426409632
    ],
    "split6_test_r2": [
        0.9821781382459283
    ],
    "split7_test_r2": [
        0.982000430741464
    ],
    "split8_test_r2": [
        0.9803772824294487
    ],
    "split9_test_r2": [
        0.9837208227307792
    ],
    "mean_test_r2": [
        0.9829209543781332
    ],
    "std_test_r2": [
        0.0012418439484750395
    ],
    "rank_test_r2": [
        1
    ],
    "split0_train_r2": [
        0.9886216758932409
    ],
    "split1_train_r2": [
        0.9885630763763713
    ],
    "split2_train_r2": [
        0.9883653644553976
    ],
    "split3_train_r2": [
        0.9883042952680424
    ],
    "split4_train_r2": [
        0.9887252666748935
    ],
    "split5_train_r2": [
        0.9886923227039185
    ],
    "split6_train_r2": [
        0.9885572476382839
    ],
    "split7_train_r2": [
        0.9884971699066264
    ],
    "split8_train_r2": [
        0.9886705463534388
    ],
    "split9_train_r2": [
        0.9883867757916551
    ],
    "mean_train_r2": [
        0.9885383741061867
    ],
    "std_train_r2": [
        0.0001390716300260226
    ],
    "split0_test_rmse": [
        521.5745734628048
    ],
    "split1_test_rmse": [
        530.6577085527383
    ],
    "split2_test_rmse": [
        514.3222230617617
    ],
    "split3_test_rmse": [
        503.7666682006337
    ],
    "split4_test_rmse": [
        500.80676060803995
    ],
    "split5_test_rmse": [
        510.34973033521345
    ],
    "split6_test_rmse": [
        528.7382849045139
    ],
    "split7_test_rmse": [
        532.64394784669
    ],
    "split8_test_rmse": [
        557.0688360959796
    ],
    "split9_test_rmse": [
        510.1419222269875
    ],
    "mean_test_rmse": [
        521.0070655295362
    ],
    "std_test_rmse": [
        16.033396164623408
    ],
    "rank_test_rmse": [
        1
    ],
    "split0_train_rmse": [
        426.049398769195
    ],
    "split1_train_rmse": [
        426.9609910010947
    ],
    "split2_train_rmse": [
        428.57410431340014
    ],
    "split3_train_rmse": [
        431.47826640159917
    ],
    "split4_train_rmse": [
        423.6620956410017
    ],
    "split5_train_rmse": [
        425.32119573506117
    ],
    "split6_train_rmse": [
        427.2735836242658
    ],
    "split7_train_rmse": [
        428.2806135040341
    ],
    "split8_train_rmse": [
        424.9630915110377
    ],
    "split9_train_rmse": [
        429.99482416256683
    ],
    "mean_train_rmse": [
        427.25581646632565
    ],
    "std_train_rmse": [
        2.271039283759867
    ],
    "split0_test_mae": [
        270.64809832368456
    ],
    "split1_test_mae": [
        272.9573949562601
    ],
    "split2_test_mae": [
        268.29219150987615
    ],
    "split3_test_mae": [
        265.54402330900155
    ],
    "split4_test_mae": [
        262.4455713329844
    ],
    "split5_test_mae": [
        267.15085739124856
    ],
    "split6_test_mae": [
        269.45784593085796
    ],
    "split7_test_mae": [
        273.10102422943373
    ],
    "split8_test_mae": [
        283.9109133695012
    ],
    "split9_test_mae": [
        262.59184192674854
    ],
    "mean_test_mae": [
        269.6099762279597
    ],
    "std_test_mae": [
        5.949024913839837
    ],
    "rank_test_mae": [
        1
    ],
    "split0_train_mae": [
        237.1713502727738
    ],
    "split1_train_mae": [
        238.37444234452647
    ],
    "split2_train_mae": [
        239.50908885462945
    ],
    "split3_train_mae": [
        240.3831357082008
    ],
    "split4_train_mae": [
        237.0132634551099
    ],
    "split5_train_mae": [
        237.16216781759303
    ],
    "split6_train_mae": [
        238.01890886862947
    ],
    "split7_train_mae": [
        239.016285456398
    ],
    "split8_train_mae": [
        238.49820989722187
    ],
    "split9_train_mae": [
        239.35753383569323
    ],
    "mean_train_mae": [
        238.4504386510776
    ],
    "std_train_mae": [
        1.0749194991564837
    ]
}