{
    "mean_fit_time": [
        0.608670997619629
    ],
    "std_fit_time": [
        0.0486599565776191
    ],
    "mean_score_time": [
        0.007182431221008301
    ],
    "std_score_time": [
        0.0011624469752107946
    ],
    "params": [
        {}
    ],
    "split0_test_r2": [
        0.9678769184938638
    ],
    "split1_test_r2": [
        0.9666397701921766
    ],
    "split2_test_r2": [
        0.9670575544974557
    ],
    "split3_test_r2": [
        0.9667573827914818
    ],
    "split4_test_r2": [
        0.9644390004399596
    ],
    "split5_test_r2": [
        0.968916532017186
    ],
    "split6_test_r2": [
        0.9671940672595762
    ],
    "split7_test_r2": [
        0.9636908342579621
    ],
    "split8_test_r2": [
        0.9649367779375647
    ],
    "split9_test_r2": [
        0.9658518960572562
    ],
    "mean_test_r2": [
        0.9663360733944483
    ],
    "std_test_r2": [
        0.0015280060040779792
    ],
    "rank_test_r2": [
        1
    ],
    "split0_train_r2": [
        0.9999969155610214
    ],
    "split1_train_r2": [
        0.9999968763765614
    ],
    "split2_train_r2": [
        0.999997982895746
    ],
    "split3_train_r2": [
        0.999996916850813
    ],
    "split4_train_r2": [
        0.9999966659470383
    ],
    "split5_train_r2": [
        0.9999968941478736
    ],
    "split6_train_r2": [
        0.9999975440730007
    ],
    "split7_train_r2": [
        0.9999973074141869
    ],
    "split8_train_r2": [
        0.9999970336143559
    ],
    "split9_train_r2": [
        0.9999967629715967
    ],
    "mean_train_r2": [
        0.9999970899852194
    ],
    "std_train_r2": [
        3.8536534465406853e-07
    ],
    "split0_test_rmse": [
        699.8905903717806
    ],
    "split1_test_rmse": [
        738.7101083961413
    ],
    "split2_test_rmse": [
        738.2582388861392
    ],
    "split3_test_rmse": [
        724.7387419539626
    ],
    "split4_test_rmse": [
        755.9630378707656
    ],
    "split5_test_rmse": [
        710.4206525664588
    ],
    "split6_test_rmse": [
        732.2711216050715
    ],
    "split7_test_rmse": [
        761.5088529573313
    ],
    "split8_test_rmse": [
        727.3947151608041
    ],
    "split9_test_rmse": [
        729.4290214739341
    ],
    "mean_test_rmse": [
        731.8585081242389
    ],
    "std_test_rmse": [
        17.624672685431076
    ],
    "rank_test_rmse": [
        1
    ],
    "split0_train_rmse": [
        7.025474888481617
    ],
    "split1_train_rmse": [
        7.04291016460001
    ],
    "split2_train_rmse": [
        5.65590931548117
    ],
    "split3_train_rmse": [
        7.010742289104104
    ],
    "split4_train_rmse": [
        7.2835906602502165
    ],
    "split5_train_rmse": [
        7.02581769369996
    ],
    "split6_train_rmse": [
        6.245247529855582
    ],
    "split7_train_rmse": [
        6.547451715965736
    ],
    "split8_train_rmse": [
        6.89361443626482
    ],
    "split9_train_rmse": [
        7.189072636372715
    ],
    "mean_train_rmse": [
        6.7919831330075935
    ],
    "std_train_rmse": [
        0.47739742920108535
    ],
    "split0_test_mae": [
        344.60210941121926
    ],
    "split1_test_mae": [
        356.4870190078813
    ],
    "split2_test_mae": [
        360.3613815484469
    ],
    "split3_test_mae": [
        352.9884098284655
    ],
    "split4_test_mae": [
        366.9694019471488
    ],
    "split5_test_mae": [
        347.88085303662496
    ],
    "split6_test_mae": [
        355.92708091815445
    ],
    "split7_test_mae": [
        370.818455831208
    ],
    "split8_test_mae": [
        353.9306747043821
    ],
    "split9_test_mae": [
        355.9342684906098
    ],
    "mean_test_mae": [
        356.58996547241406
    ],
    "std_test_mae": [
        7.515893385947056
    ],
    "rank_test_mae": [
        1
    ],
    "split0_train_mae": [
        0.3787027973829272
    ],
    "split1_train_mae": [
        0.36914636031116377
    ],
    "split2_train_mae": [
        0.3237854824583999
    ],
    "split3_train_mae": [
        0.36098088712585646
    ],
    "split4_train_mae": [
        0.4070887641028283
    ],
    "split5_train_mae": [
        0.38066045026016176
    ],
    "split6_train_mae": [
        0.35077144991371095
    ],
    "split7_train_mae": [
        0.37972335986399813
    ],
    "split8_train_mae": [
        0.34435772609020426
    ],
    "split9_train_mae": [
        0.3880689282126574
    ],
    "mean_train_mae": [
        0.36832862057219085
    ],
    "std_train_mae": [
        0.022810465110642816
    ]
}