{
    "mean_fit_time": [
        0.6040865182876587
    ],
    "std_fit_time": [
        0.058238194733299116
    ],
    "mean_score_time": [
        0.0069833040237426754
    ],
    "std_score_time": [
        0.0012616565807261773
    ],
    "params": [
        {}
    ],
    "split0_test_r2": [
        0.9661697957288802
    ],
    "split1_test_r2": [
        0.9648429657714094
    ],
    "split2_test_r2": [
        0.9648072350824249
    ],
    "split3_test_r2": [
        0.965745313792481
    ],
    "split4_test_r2": [
        0.9689161987564957
    ],
    "split5_test_r2": [
        0.9634611608633836
    ],
    "split6_test_r2": [
        0.9654964633105595
    ],
    "split7_test_r2": [
        0.9673900810330359
    ],
    "split8_test_r2": [
        0.9637421628941979
    ],
    "split9_test_r2": [
        0.9673706013932601
    ],
    "mean_test_r2": [
        0.9657941978626127
    ],
    "std_test_r2": [
        0.0016292248835445547
    ],
    "rank_test_r2": [
        1
    ],
    "split0_train_r2": [
        0.9999968924198711
    ],
    "split1_train_r2": [
        0.9999969531829503
    ],
    "split2_train_r2": [
        0.9999974713479419
    ],
    "split3_train_r2": [
        0.9999975487277162
    ],
    "split4_train_r2": [
        0.9999968418888301
    ],
    "split5_train_r2": [
        0.9999967303176545
    ],
    "split6_train_r2": [
        0.9999969226864481
    ],
    "split7_train_r2": [
        0.9999969253211287
    ],
    "split8_train_r2": [
        0.9999969841984502
    ],
    "split9_train_r2": [
        0.9999970618109955
    ],
    "mean_train_r2": [
        0.9999970331901988
    ],
    "std_train_r2": [
        2.5285820790753377e-07
    ],
    "split0_test_rmse": [
        717.9930530467955
    ],
    "split1_test_rmse": [
        778.7339902738216
    ],
    "split2_test_rmse": [
        750.9665411224985
    ],
    "split3_test_rmse": [
        732.4584914528858
    ],
    "split4_test_rmse": [
        707.5336798682382
    ],
    "split5_test_rmse": [
        761.1257893028351
    ],
    "split6_test_rmse": [
        738.3438460100256
    ],
    "split7_test_rmse": [
        728.4578682083784
    ],
    "split8_test_rmse": [
        755.3546517720193
    ],
    "split9_test_rmse": [
        706.3725089336587
    ],
    "mean_test_rmse": [
        737.7340419991158
    ],
    "std_test_rmse": [
        22.612650200341253
    ],
    "rank_test_rmse": [
        1
    ],
    "split0_train_rmse": [
        7.052267752236143
    ],
    "split1_train_rmse": [
        6.933267062437812
    ],
    "split2_train_rmse": [
        6.344151739605692
    ],
    "split3_train_rmse": [
        6.254227358156173
    ],
    "split4_train_rmse": [
        7.087953952793959
    ],
    "split5_train_rmse": [
        7.218340405186043
    ],
    "split6_train_rmse": [
        7.00395272579187
    ],
    "split7_train_rmse": [
        6.989585129742179
    ],
    "split8_train_rmse": [
        6.93527466436404
    ],
    "split9_train_rmse": [
        6.856057546093231
    ],
    "mean_train_rmse": [
        6.867507833640714
    ],
    "std_train_rmse": [
        0.2997329742322559
    ],
    "split0_test_mae": [
        353.5757997218359
    ],
    "split1_test_mae": [
        376.8247566063978
    ],
    "split2_test_mae": [
        367.71801112656465
    ],
    "split3_test_mae": [
        356.2549837737599
    ],
    "split4_test_mae": [
        352.6371117292536
    ],
    "split5_test_mae": [
        365.67953175707
    ],
    "split6_test_mae": [
        356.9515418502203
    ],
    "split7_test_mae": [
        361.9336888476698
    ],
    "split8_test_mae": [
        358.0766287966613
    ],
    "split9_test_mae": [
        347.4957106422444
    ],
    "mean_test_mae": [
        359.71477648516776
    ],
    "std_test_mae": [
        8.103580475782728
    ],
    "rank_test_mae": [
        1
    ],
    "split0_train_mae": [
        0.3763330070578538
    ],
    "split1_train_mae": [
        0.3619081963834939
    ],
    "split2_train_mae": [
        0.3538715161506362
    ],
    "split3_train_mae": [
        0.3501365205295966
    ],
    "split4_train_mae": [
        0.39091236927515327
    ],
    "split5_train_mae": [
        0.39150481685642163
    ],
    "split6_train_mae": [
        0.35968369265641503
    ],
    "split7_train_mae": [
        0.3711974860263246
    ],
    "split8_train_mae": [
        0.36880199881513537
    ],
    "split9_train_mae": [
        0.38685830564356183
    ],
    "mean_train_mae": [
        0.37112079093945927
    ],
    "std_train_mae": [
        0.014286323990248009
    ]
}