{
    "mean_fit_time": [
        0.07489168643951416
    ],
    "std_fit_time": [
        0.04614545644597467
    ],
    "mean_score_time": [
        0.009423780441284179
    ],
    "std_score_time": [
        0.006307096154641253
    ],
    "params": [
        {}
    ],
    "split0_test_r2": [
        0.850691911087053
    ],
    "split1_test_r2": [
        0.8375887857102765
    ],
    "split2_test_r2": [
        0.844620775036488
    ],
    "split3_test_r2": [
        0.8486327979947275
    ],
    "split4_test_r2": [
        0.8526598584859718
    ],
    "split5_test_r2": [
        0.8413042936395454
    ],
    "split6_test_r2": [
        0.8427193542953856
    ],
    "split7_test_r2": [
        0.851874607992626
    ],
    "split8_test_r2": [
        0.8324818663976977
    ],
    "split9_test_r2": [
        0.8471783365750701
    ],
    "mean_test_r2": [
        0.8449752587214843
    ],
    "std_test_r2": [
        0.006220136149115948
    ],
    "rank_test_r2": [
        1
    ],
    "split0_train_r2": [
        0.8448733061269895
    ],
    "split1_train_r2": [
        0.8460184480521087
    ],
    "split2_train_r2": [
        0.8451512163678919
    ],
    "split3_train_r2": [
        0.8449285411027911
    ],
    "split4_train_r2": [
        0.8443668653507974
    ],
    "split5_train_r2": [
        0.8456750224139421
    ],
    "split6_train_r2": [
        0.8451098759212208
    ],
    "split7_train_r2": [
        0.8449548370519627
    ],
    "split8_train_r2": [
        0.8471353754620224
    ],
    "split9_train_r2": [
        0.8448703321795534
    ],
    "mean_train_r2": [
        0.8453083820029279
    ],
    "std_train_r2": [
        0.0007468289763837313
    ],
    "split0_test_rmse": [
        1522.264905078535
    ],
    "split1_test_rmse": [
        1626.20327291914
    ],
    "split2_test_rmse": [
        1577.6533135500993
    ],
    "split3_test_rmse": [
        1559.0841312939697
    ],
    "split4_test_rmse": [
        1540.2811730064032
    ],
    "split5_test_rmse": [
        1566.9391104265442
    ],
    "split6_test_rmse": [
        1626.0356219913167
    ],
    "split7_test_rmse": [
        1524.5607246541508
    ],
    "split8_test_rmse": [
        1592.836760055172
    ],
    "split9_test_rmse": [
        1570.6477081319667
    ],
    "mean_test_rmse": [
        1570.6506721107298
    ],
    "std_test_rmse": [
        34.971669054162675
    ],
    "rank_test_rmse": [
        1
    ],
    "split0_train_rmse": [
        1574.1114854606096
    ],
    "split1_train_rmse": [
        1564.1132022605652
    ],
    "split2_train_rmse": [
        1569.9703393563748
    ],
    "split3_train_rmse": [
        1570.8787466412014
    ],
    "split4_train_rmse": [
        1573.4580075073752
    ],
    "split5_train_rmse": [
        1570.2941322072363
    ],
    "split6_train_rmse": [
        1565.772160043878
    ],
    "split7_train_rmse": [
        1572.7345989182415
    ],
    "split8_train_rmse": [
        1564.5967660424494
    ],
    "split9_train_rmse": [
        1570.6938864358845
    ],
    "mean_train_rmse": [
        1569.6623324873817
    ],
    "std_train_rmse": [
        3.4389677148935336
    ],
    "split0_test_mae": [
        1050.2643986262779
    ],
    "split1_test_mae": [
        1084.0196048367716
    ],
    "split2_test_mae": [
        1056.515707344931
    ],
    "split3_test_mae": [
        1063.3515877882062
    ],
    "split4_test_mae": [
        1056.6301224795773
    ],
    "split5_test_mae": [
        1068.9408174172609
    ],
    "split6_test_mae": [
        1100.0406344803882
    ],
    "split7_test_mae": [
        1052.2421019023159
    ],
    "split8_test_mae": [
        1060.0914096340362
    ],
    "split9_test_mae": [
        1050.7982142650774
    ],
    "mean_test_mae": [
        1064.2894598774844
    ],
    "std_test_mae": [
        15.331389453456605
    ],
    "rank_test_mae": [
        1
    ],
    "split0_train_mae": [
        1066.1059434366541
    ],
    "split1_train_mae": [
        1062.074253401084
    ],
    "split2_train_mae": [
        1064.5842089809223
    ],
    "split3_train_mae": [
        1063.8807417662597
    ],
    "split4_train_mae": [
        1064.01741891482
    ],
    "split5_train_mae": [
        1063.8497794088946
    ],
    "split6_train_mae": [
        1059.4658888606918
    ],
    "split7_train_mae": [
        1065.6991760705723
    ],
    "split8_train_mae": [
        1066.5643028648954
    ],
    "split9_train_mae": [
        1064.57328038379
    ],
    "mean_train_mae": [
        1064.0814994088585
    ],
    "std_train_mae": [
        1.9699018049949581
    ]
}