{
    "mean_fit_time": [
        0.12889330387115477
    ],
    "std_fit_time": [
        0.10300929635076908
    ],
    "mean_score_time": [
        0.008223676681518554
    ],
    "std_score_time": [
        0.003006731782463077
    ],
    "params": [
        {}
    ],
    "split0_test_r2": [
        0.84366984648311
    ],
    "split1_test_r2": [
        0.8404061544100258
    ],
    "split2_test_r2": [
        0.8483861562482597
    ],
    "split3_test_r2": [
        0.8401504792378351
    ],
    "split4_test_r2": [
        0.8466480454340695
    ],
    "split5_test_r2": [
        0.8497142855016891
    ],
    "split6_test_r2": [
        0.8447913511682007
    ],
    "split7_test_r2": [
        0.850920544634882
    ],
    "split8_test_r2": [
        0.8515012029321407
    ],
    "split9_test_r2": [
        0.8339546291542814
    ],
    "mean_test_r2": [
        0.8450142695204494
    ],
    "std_test_r2": [
        0.005311848798566636
    ],
    "rank_test_r2": [
        1
    ],
    "split0_train_r2": [
        0.8453777665654547
    ],
    "split1_train_r2": [
        0.8456889999695736
    ],
    "split2_train_r2": [
        0.8446665473153484
    ],
    "split3_train_r2": [
        0.8452649687289324
    ],
    "split4_train_r2": [
        0.8450812681855129
    ],
    "split5_train_r2": [
        0.8448591313714844
    ],
    "split6_train_r2": [
        0.8455292596007907
    ],
    "split7_train_r2": [
        0.844545853195267
    ],
    "split8_train_r2": [
        0.8450503886787359
    ],
    "split9_train_r2": [
        0.8470296382825407
    ],
    "mean_train_r2": [
        0.845309382189364
    ],
    "std_train_r2": [
        0.0006690619086421414
    ],
    "split0_test_rmse": [
        1593.6450486958877
    ],
    "split1_test_rmse": [
        1607.4761946497683
    ],
    "split2_test_rmse": [
        1569.7468097052756
    ],
    "split3_test_rmse": [
        1639.3758968684886
    ],
    "split4_test_rmse": [
        1552.5824777735136
    ],
    "split5_test_rmse": [
        1540.0832478134726
    ],
    "split6_test_rmse": [
        1558.2689625250762
    ],
    "split7_test_rmse": [
        1554.259750612627
    ],
    "split8_test_rmse": [
        1499.5038730590227
    ],
    "split9_test_rmse": [
        1591.2879033273252
    ],
    "mean_test_rmse": [
        1570.6230165030458
    ],
    "std_test_rmse": [
        37.12059366972328
    ],
    "rank_test_rmse": [
        1
    ],
    "split0_train_rmse": [
        1567.561186849253
    ],
    "split1_train_rmse": [
        1566.2981419242428
    ],
    "split2_train_rmse": [
        1571.1315276097585
    ],
    "split3_train_rmse": [
        1564.9901908886275
    ],
    "split4_train_rmse": [
        1571.9536639135142
    ],
    "split5_train_rmse": [
        1572.7455507868249
    ],
    "split6_train_rmse": [
        1570.0809725501492
    ],
    "split7_train_rmse": [
        1572.0184302578323
    ],
    "split8_train_rmse": [
        1575.2546513561947
    ],
    "split9_train_rmse": [
        1564.5505297457755
    ],
    "mean_train_rmse": [
        1569.658484588217
    ],
    "std_train_rmse": [
        3.429392556896038
    ],
    "split0_test_mae": [
        1057.7861773713103
    ],
    "split1_test_mae": [
        1086.8210437433956
    ],
    "split2_test_mae": [
        1073.6723706321225
    ],
    "split3_test_mae": [
        1106.0085277803407
    ],
    "split4_test_mae": [
        1045.3114278335372
    ],
    "split5_test_mae": [
        1047.951690766809
    ],
    "split6_test_mae": [
        1077.2310662840323
    ],
    "split7_test_mae": [
        1056.4999054731225
    ],
    "split8_test_mae": [
        1045.255471352508
    ],
    "split9_test_mae": [
        1046.7192983676823
    ],
    "mean_test_mae": [
        1064.325697960486
    ],
    "std_test_mae": [
        19.76037826665409
    ],
    "rank_test_mae": [
        1
    ],
    "split0_train_mae": [
        1064.8264210559564
    ],
    "split1_train_mae": [
        1061.0893613105648
    ],
    "split2_train_mae": [
        1063.134282736164
    ],
    "split3_train_mae": [
        1058.7631968196167
    ],
    "split4_train_mae": [
        1065.5918901221119
    ],
    "split5_train_mae": [
        1065.6503071554714
    ],
    "split6_train_mae": [
        1063.0347848381507
    ],
    "split7_train_mae": [
        1064.5175450073557
    ],
    "split8_train_mae": [
        1066.258232985263
    ],
    "split9_train_mae": [
        1067.918735935066
    ],
    "mean_train_mae": [
        1064.0784757965719
    ],
    "std_train_mae": [
        2.533377337128303
    ]
}