{
    "mean_fit_time": [
        0.37462592124938965
    ],
    "std_fit_time": [
        0.06089654335553119
    ],
    "mean_score_time": [
        0.7634341955184937
    ],
    "std_score_time": [
        0.0951832502338429
    ],
    "params": [
        {}
    ],
    "split0_test_r2": [
        0.9712780468384097
    ],
    "split1_test_r2": [
        0.9711949236950159
    ],
    "split2_test_r2": [
        0.9716131908749865
    ],
    "split3_test_r2": [
        0.9753278001869287
    ],
    "split4_test_r2": [
        0.9712304389114823
    ],
    "split5_test_r2": [
        0.971449249806434
    ],
    "split6_test_r2": [
        0.9729922559689917
    ],
    "split7_test_r2": [
        0.9666198922146002
    ],
    "split8_test_r2": [
        0.970149588019175
    ],
    "split9_test_r2": [
        0.9731801556074321
    ],
    "mean_test_r2": [
        0.9715035542123458
    ],
    "std_test_r2": [
        0.002134739536773102
    ],
    "rank_test_r2": [
        1
    ],
    "split0_train_r2": [
        0.999996787981439
    ],
    "split1_train_r2": [
        0.999996954088189
    ],
    "split2_train_r2": [
        0.9999966358353014
    ],
    "split3_train_r2": [
        0.9999968132457765
    ],
    "split4_train_r2": [
        0.9999968399753378
    ],
    "split5_train_r2": [
        0.9999973316675979
    ],
    "split6_train_r2": [
        0.9999975045040224
    ],
    "split7_train_r2": [
        0.9999976942164888
    ],
    "split8_train_r2": [
        0.9999968613324512
    ],
    "split9_train_r2": [
        0.999997545397269
    ],
    "mean_train_r2": [
        0.9999970968243874
    ],
    "std_train_r2": [
        3.618787383245462e-07
    ],
    "split0_test_rmse": [
        685.7909627601867
    ],
    "split1_test_rmse": [
        668.0862474034395
    ],
    "split2_test_rmse": [
        666.1150490270466
    ],
    "split3_test_rmse": [
        620.050765490382
    ],
    "split4_test_rmse": [
        676.6089675482382
    ],
    "split5_test_rmse": [
        678.5252420053357
    ],
    "split6_test_rmse": [
        640.7802067264985
    ],
    "split7_test_rmse": [
        738.5138359544236
    ],
    "split8_test_rmse": [
        692.9309215946048
    ],
    "split9_test_rmse": [
        665.0277489482286
    ],
    "mean_test_rmse": [
        673.2429947458384
    ],
    "std_test_rmse": [
        29.78710520003068
    ],
    "rank_test_rmse": [
        1
    ],
    "split0_train_rmse": [
        7.141147984685572
    ],
    "split1_train_rmse": [
        6.975695052624456
    ],
    "split2_train_rmse": [
        7.3276172843349565
    ],
    "split3_train_rmse": [
        7.1327006510224065
    ],
    "split4_train_rmse": [
        7.0948563593694045
    ],
    "split5_train_rmse": [
        6.514678701698846
    ],
    "split6_train_rmse": [
        6.320432418414731
    ],
    "split7_train_rmse": [
        6.051379578840011
    ],
    "split8_train_rmse": [
        7.066400856870794
    ],
    "split9_train_rmse": [
        6.240408759959877
    ],
    "mean_train_rmse": [
        6.786531764782106
    ],
    "std_train_rmse": [
        0.4332879384397741
    ],
    "split0_test_mae": [
        365.98926899828365
    ],
    "split1_test_mae": [
        351.1732149030684
    ],
    "split2_test_mae": [
        357.0089984108303
    ],
    "split3_test_mae": [
        332.9383160177444
    ],
    "split4_test_mae": [
        358.3466905118858
    ],
    "split5_test_mae": [
        356.60268129402857
    ],
    "split6_test_mae": [
        342.5785555861754
    ],
    "split7_test_mae": [
        357.87477865549846
    ],
    "split8_test_mae": [
        351.490340698482
    ],
    "split9_test_mae": [
        349.14614753281876
    ],
    "mean_test_mae": [
        352.3148992608816
    ],
    "std_test_mae": [
        8.814621306255306
    ],
    "rank_test_mae": [
        1
    ],
    "split0_train_mae": [
        0.3757920766575653
    ],
    "split1_train_mae": [
        0.35794137344804494
    ],
    "split2_train_mae": [
        0.41005100200917005
    ],
    "split3_train_mae": [
        0.3704342898356602
    ],
    "split4_train_mae": [
        0.3874864767399928
    ],
    "split5_train_mae": [
        0.34995621039616714
    ],
    "split6_train_mae": [
        0.3470107925714139
    ],
    "split7_train_mae": [
        0.33392576565438015
    ],
    "split8_train_mae": [
        0.3688277567421374
    ],
    "split9_train_mae": [
        0.36228524328362055
    ],
    "mean_train_mae": [
        0.36637109873381524
    ],
    "std_train_mae": [
        0.02061508377294686
    ]
}