{
    "mean_fit_time": [
        0.3859555244445801
    ],
    "std_fit_time": [
        0.05963543727123247
    ],
    "mean_score_time": [
        0.742116141319275
    ],
    "std_score_time": [
        0.12763890959842863
    ],
    "params": [
        {}
    ],
    "split0_test_r2": [
        0.9734898566131485
    ],
    "split1_test_r2": [
        0.9709696261454812
    ],
    "split2_test_r2": [
        0.9717628966052391
    ],
    "split3_test_r2": [
        0.9710672232597846
    ],
    "split4_test_r2": [
        0.9689785552533399
    ],
    "split5_test_r2": [
        0.9712259376583458
    ],
    "split6_test_r2": [
        0.9723112242033227
    ],
    "split7_test_r2": [
        0.970784677464562
    ],
    "split8_test_r2": [
        0.974072724754807
    ],
    "split9_test_r2": [
        0.9671295600659318
    ],
    "mean_test_r2": [
        0.9711792282023962
    ],
    "std_test_r2": [
        0.0019180853300522424
    ],
    "rank_test_r2": [
        1
    ],
    "split0_train_r2": [
        0.9999969433051195
    ],
    "split1_train_r2": [
        0.999996779710034
    ],
    "split2_train_r2": [
        0.9999973058471265
    ],
    "split3_train_r2": [
        0.9999973946911517
    ],
    "split4_train_r2": [
        0.9999967719877788
    ],
    "split5_train_r2": [
        0.9999969085632251
    ],
    "split6_train_r2": [
        0.999996939573637
    ],
    "split7_train_r2": [
        0.9999972032470109
    ],
    "split8_train_r2": [
        0.9999970242705707
    ],
    "split9_train_r2": [
        0.9999967849497232
    ],
    "mean_train_r2": [
        0.9999970056145375
    ],
    "std_train_r2": [
        2.1281375661504283e-07
    ],
    "split0_test_rmse": [
        642.7835762404702
    ],
    "split1_test_rmse": [
        691.2639430401184
    ],
    "split2_test_rmse": [
        699.3916938511069
    ],
    "split3_test_rmse": [
        651.873807500397
    ],
    "split4_test_rmse": [
        684.5301073950316
    ],
    "split5_test_rmse": [
        670.9318778138901
    ],
    "split6_test_rmse": [
        679.7002346211301
    ],
    "split7_test_rmse": [
        692.2208013672187
    ],
    "split8_test_rmse": [
        635.6765649570503
    ],
    "split9_test_rmse": [
        719.4907820994002
    ],
    "mean_test_rmse": [
        676.7863388885814
    ],
    "std_test_rmse": [
        25.20329790120783
    ],
    "rank_test_rmse": [
        1
    ],
    "split0_train_rmse": [
        6.985776927797046
    ],
    "split1_train_rmse": [
        7.148253975824454
    ],
    "split2_train_rmse": [
        6.5183686513431605
    ],
    "split3_train_rmse": [
        6.469135297996674
    ],
    "split4_train_rmse": [
        7.190947534488692
    ],
    "split5_train_rmse": [
        7.023959562358391
    ],
    "split6_train_rmse": [
        6.963281443617261
    ],
    "split7_train_rmse": [
        6.663220975445133
    ],
    "split8_train_rmse": [
        6.892653156980713
    ],
    "split9_train_rmse": [
        7.160439977922689
    ],
    "mean_train_rmse": [
        6.901603750377421
    ],
    "std_train_rmse": [
        0.2506425985573008
    ],
    "split0_test_mae": [
        336.63081940612176
    ],
    "split1_test_mae": [
        366.5626896069083
    ],
    "split2_test_mae": [
        368.7464502322271
    ],
    "split3_test_mae": [
        344.631084439243
    ],
    "split4_test_mae": [
        350.6401794569731
    ],
    "split5_test_mae": [
        340.42886229837325
    ],
    "split6_test_mae": [
        353.71179310733567
    ],
    "split7_test_mae": [
        360.3931728194929
    ],
    "split8_test_mae": [
        345.070193075641
    ],
    "split9_test_mae": [
        370.3213223934332
    ],
    "mean_test_mae": [
        353.71365668357487
    ],
    "std_test_mae": [
        11.603753547181482
    ],
    "rank_test_mae": [
        1
    ],
    "split0_train_mae": [
        0.36610684663335225
    ],
    "split1_train_mae": [
        0.38300448199474524
    ],
    "split2_train_mae": [
        0.37885734892586675
    ],
    "split3_train_mae": [
        0.3555973417134614
    ],
    "split4_train_mae": [
        0.38400906702385246
    ],
    "split5_train_mae": [
        0.36610684663335225
    ],
    "split6_train_mae": [
        0.3824537001262138
    ],
    "split7_train_mae": [
        0.3604821883934781
    ],
    "split8_train_mae": [
        0.3528835999278778
    ],
    "split9_train_mae": [
        0.395126600211215
    ],
    "mean_train_mae": [
        0.3724628021583415
    ],
    "std_train_mae": [
        0.013382524508922201
    ]
}