{
    "mean_fit_time": [
        1.2187292575836182
    ],
    "std_fit_time": [
        1.040685570851703
    ],
    "mean_score_time": [
        0.010569429397583008
    ],
    "std_score_time": [
        0.004607191518621781
    ],
    "params": [
        {}
    ],
    "split0_test_r2": [
        0.9115856783321932
    ],
    "split1_test_r2": [
        0.8865034491621447
    ],
    "split2_test_r2": [
        0.9019835784319905
    ],
    "split3_test_r2": [
        0.8956746219771383
    ],
    "split4_test_r2": [
        0.9080082520459143
    ],
    "split5_test_r2": [
        0.8828550275505866
    ],
    "split6_test_r2": [
        0.9095707215963035
    ],
    "split7_test_r2": [
        0.9009513252608785
    ],
    "split8_test_r2": [
        0.9091518286215838
    ],
    "split9_test_r2": [
        0.9068101314182354
    ],
    "mean_test_r2": [
        0.9013094614396968
    ],
    "std_test_r2": [
        0.009500532524823494
    ],
    "rank_test_r2": [
        1
    ],
    "split0_train_r2": [
        0.9051140511722933
    ],
    "split1_train_r2": [
        0.906050384319148
    ],
    "split2_train_r2": [
        0.9062071662054842
    ],
    "split3_train_r2": [
        0.9069290073365563
    ],
    "split4_train_r2": [
        0.9055072097838047
    ],
    "split5_train_r2": [
        0.9058252828723242
    ],
    "split6_train_r2": [
        0.9053744910557312
    ],
    "split7_train_r2": [
        0.9062998582121501
    ],
    "split8_train_r2": [
        0.9053891302372667
    ],
    "split9_train_r2": [
        0.9056576178158128
    ],
    "mean_train_r2": [
        0.9058354199010573
    ],
    "std_train_r2": [
        0.0005164767534968657
    ],
    "split0_test_rmse": [
        1196.4109455855455
    ],
    "split1_test_rmse": [
        1329.779566454969
    ],
    "split2_test_rmse": [
        1265.5802976646087
    ],
    "split3_test_rmse": [
        1324.5254934900147
    ],
    "split4_test_rmse": [
        1236.3100679630786
    ],
    "split5_test_rmse": [
        1349.3254826686011
    ],
    "split6_test_rmse": [
        1168.6557356348683
    ],
    "split7_test_rmse": [
        1246.9895913735131
    ],
    "split8_test_rmse": [
        1215.4866882182891
    ],
    "split9_test_rmse": [
        1186.4049028981424
    ],
    "mean_test_rmse": [
        1251.9468771951629
    ],
    "std_test_rmse": [
        60.75350215515234
    ],
    "rank_test_rmse": [
        1
    ],
    "split0_train_rmse": [
        1228.2296390070087
    ],
    "split1_train_rmse": [
        1224.7368442594216
    ],
    "split2_train_rmse": [
        1220.4882183816048
    ],
    "split3_train_rmse": [
        1213.7385960126603
    ],
    "split4_train_rmse": [
        1223.8502621666512
    ],
    "split5_train_rmse": [
        1226.3822725421855
    ],
    "split6_train_rmse": [
        1231.1874121866276
    ],
    "split7_train_rmse": [
        1222.6175552075158
    ],
    "split8_train_rmse": [
        1226.1301864129307
    ],
    "split9_train_rmse": [
        1229.2976166989906
    ],
    "mean_train_rmse": [
        1224.6658602875596
    ],
    "std_train_rmse": [
        4.727560010887713
    ],
    "split0_test_mae": [
        802.9312415543801
    ],
    "split1_test_mae": [
        805.4200541124978
    ],
    "split2_test_mae": [
        819.1096491528893
    ],
    "split3_test_mae": [
        821.2730082660092
    ],
    "split4_test_mae": [
        817.7617848960933
    ],
    "split5_test_mae": [
        808.822877107074
    ],
    "split6_test_mae": [
        804.91183145522
    ],
    "split7_test_mae": [
        807.1149290938516
    ],
    "split8_test_mae": [
        803.7446067624712
    ],
    "split9_test_mae": [
        794.7630611621394
    ],
    "mean_test_mae": [
        808.5853043562626
    ],
    "std_test_mae": [
        7.925492424839088
    ],
    "rank_test_mae": [
        1
    ],
    "split0_train_mae": [
        807.8214008964025
    ],
    "split1_train_mae": [
        806.516048475157
    ],
    "split2_train_mae": [
        805.1958954030774
    ],
    "split3_train_mae": [
        801.7214765544761
    ],
    "split4_train_mae": [
        807.0718408703849
    ],
    "split5_train_mae": [
        810.9071328200221
    ],
    "split6_train_mae": [
        808.2640493040248
    ],
    "split7_train_mae": [
        805.8590096213079
    ],
    "split8_train_mae": [
        805.6511920646909
    ],
    "split9_train_mae": [
        808.7647093885278
    ],
    "mean_train_mae": [
        806.7772755398071
    ],
    "std_train_mae": [
        2.337401539411757
    ]
}