{
    "mean_fit_time": [
        0.9445266962051392
    ],
    "std_fit_time": [
        0.7387035940010421
    ],
    "mean_score_time": [
        0.00628659725189209
    ],
    "std_score_time": [
        0.0021344909079210636
    ],
    "params": [
        {}
    ],
    "split0_test_r2": [
        0.9118591771656338
    ],
    "split1_test_r2": [
        0.9004950334918911
    ],
    "split2_test_r2": [
        0.9073243905081683
    ],
    "split3_test_r2": [
        0.9084099449200385
    ],
    "split4_test_r2": [
        0.9033319866550169
    ],
    "split5_test_r2": [
        0.8782885786533992
    ],
    "split6_test_r2": [
        0.8722063312502755
    ],
    "split7_test_r2": [
        0.9117734802445683
    ],
    "split8_test_r2": [
        0.9100605456285156
    ],
    "split9_test_r2": [
        0.908452342034191
    ],
    "mean_test_r2": [
        0.9012201810551698
    ],
    "std_test_r2": [
        0.013478197464083068
    ],
    "rank_test_r2": [
        1
    ],
    "split0_train_r2": [
        0.9050528506135733
    ],
    "split1_train_r2": [
        0.906355863291233
    ],
    "split2_train_r2": [
        0.905601520095886
    ],
    "split3_train_r2": [
        0.9054696177876135
    ],
    "split4_train_r2": [
        0.906036972696316
    ],
    "split5_train_r2": [
        0.9066895468608305
    ],
    "split6_train_r2": [
        0.9072368979984615
    ],
    "split7_train_r2": [
        0.9051266730544495
    ],
    "split8_train_r2": [
        0.905271033401122
    ],
    "split9_train_r2": [
        0.9054798536907097
    ],
    "mean_train_r2": [
        0.9058320829490194
    ],
    "std_train_r2": [
        0.0006894391748863122
    ],
    "split0_test_rmse": [
        1199.947047445601
    ],
    "split1_test_rmse": [
        1258.209273516322
    ],
    "split2_test_rmse": [
        1209.8555745907402
    ],
    "split3_test_rmse": [
        1219.6784853821964
    ],
    "split4_test_rmse": [
        1251.44455374713
    ],
    "split5_test_rmse": [
        1356.7450269096398
    ],
    "split6_test_rmse": [
        1438.275471810916
    ],
    "split7_test_rmse": [
        1165.4514905204383
    ],
    "split8_test_rmse": [
        1217.8977480062583
    ],
    "split9_test_rmse": [
        1193.448649093268
    ],
    "mean_test_rmse": [
        1251.0953321022512
    ],
    "std_test_rmse": [
        79.56944323409994
    ],
    "rank_test_rmse": [
        1
    ],
    "split0_train_rmse": [
        1227.9239245772685
    ],
    "split1_train_rmse": [
        1221.3436534272766
    ],
    "split2_train_rmse": [
        1226.7532955071626
    ],
    "split3_train_rmse": [
        1225.6987727753728
    ],
    "split4_train_rmse": [
        1222.1930783321243
    ],
    "split5_train_rmse": [
        1222.4863832975243
    ],
    "split6_train_rmse": [
        1214.4124882725048
    ],
    "split7_train_rmse": [
        1231.5225055191463
    ],
    "split8_train_rmse": [
        1225.916967597968
    ],
    "split9_train_rmse": [
        1228.5608407761429
    ],
    "mean_train_rmse": [
        1224.6811910082492
    ],
    "std_train_rmse": [
        4.547748009737461
    ],
    "split0_test_mae": [
        806.8259077448614
    ],
    "split1_test_mae": [
        824.0141696978415
    ],
    "split2_test_mae": [
        809.4487688922227
    ],
    "split3_test_mae": [
        802.798239190605
    ],
    "split4_test_mae": [
        800.6267192655979
    ],
    "split5_test_mae": [
        819.4127208102336
    ],
    "split6_test_mae": [
        828.6638274603889
    ],
    "split7_test_mae": [
        791.5770958024007
    ],
    "split8_test_mae": [
        806.4507870584271
    ],
    "split9_test_mae": [
        794.7995551262345
    ],
    "mean_test_mae": [
        808.4617791048814
    ],
    "std_test_mae": [
        11.58805328525707
    ],
    "rank_test_mae": [
        1
    ],
    "split0_train_mae": [
        805.7743399531591
    ],
    "split1_train_mae": [
        803.4027190292848
    ],
    "split2_train_mae": [
        807.0212695528352
    ],
    "split3_train_mae": [
        808.2062775016614
    ],
    "split4_train_mae": [
        806.7621801872482
    ],
    "split5_train_mae": [
        804.3605923118903
    ],
    "split6_train_mae": [
        805.3036127791369
    ],
    "split7_train_mae": [
        810.3463241670073
    ],
    "split8_train_mae": [
        807.6590800184812
    ],
    "split9_train_mae": [
        809.2000715695727
    ],
    "mean_train_mae": [
        806.8036467070277
    ],
    "std_train_mae": [
        2.046607734866938
    ]
}