{
    "mean_fit_time": [
        1.309676170349121
    ],
    "std_fit_time": [
        0.32410559655730475
    ],
    "mean_score_time": [
        0.057673168182373044
    ],
    "std_score_time": [
        0.022644001499955248
    ],
    "params": [
        {}
    ],
    "split0_test_r2": [
        0.9792691049097009
    ],
    "split1_test_r2": [
        0.9805966666594033
    ],
    "split2_test_r2": [
        0.9824634578687071
    ],
    "split3_test_r2": [
        0.9831091269014414
    ],
    "split4_test_r2": [
        0.9828730724731282
    ],
    "split5_test_r2": [
        0.9811571854993845
    ],
    "split6_test_r2": [
        0.9813515391928193
    ],
    "split7_test_r2": [
        0.9829496036767997
    ],
    "split8_test_r2": [
        0.9817187184451331
    ],
    "split9_test_r2": [
        0.9854509005644694
    ],
    "mean_test_r2": [
        0.9820939376190987
    ],
    "std_test_r2": [
        0.0015989534008839941
    ],
    "rank_test_r2": [
        1
    ],
    "split0_train_r2": [
        0.9866618144543594
    ],
    "split1_train_r2": [
        0.9864822032555768
    ],
    "split2_train_r2": [
        0.9863793464486069
    ],
    "split3_train_r2": [
        0.9863339332687348
    ],
    "split4_train_r2": [
        0.9862243305505024
    ],
    "split5_train_r2": [
        0.986603688030964
    ],
    "split6_train_r2": [
        0.9865314039715728
    ],
    "split7_train_r2": [
        0.9863997749619451
    ],
    "split8_train_r2": [
        0.9864311468893247
    ],
    "split9_train_r2": [
        0.9862174055286433
    ],
    "mean_train_r2": [
        0.9864265047360231
    ],
    "std_train_r2": [
        0.00014035563725917338
    ],
    "split0_test_rmse": [
        562.2860632110973
    ],
    "split1_test_rmse": [
        548.283008360937
    ],
    "split2_test_rmse": [
        527.605127725774
    ],
    "split3_test_rmse": [
        532.3424275516412
    ],
    "split4_test_rmse": [
        517.6049776366317
    ],
    "split5_test_rmse": [
        549.2443553535858
    ],
    "split6_test_rmse": [
        549.1764562374367
    ],
    "split7_test_rmse": [
        521.4969122592047
    ],
    "split8_test_rmse": [
        530.1712340170634
    ],
    "split9_test_rmse": [
        492.9478164634245
    ],
    "mean_test_rmse": [
        533.1158378816797
    ],
    "std_test_rmse": [
        19.046549788942503
    ],
    "rank_test_rmse": [
        1
    ],
    "split0_train_rmse": [
        462.0016071858346
    ],
    "split1_train_rmse": [
        464.7147666743711
    ],
    "split2_train_rmse": [
        465.855800323172
    ],
    "split3_train_rmse": [
        465.1468965229688
    ],
    "split4_train_rmse": [
        468.8799386801079
    ],
    "split5_train_rmse": [
        461.78771316259196
    ],
    "split6_train_rmse": [
        462.7694844890871
    ],
    "split7_train_rmse": [
        465.38721442221436
    ],
    "split8_train_rmse": [
        465.7683999765553
    ],
    "split9_train_rmse": [
        467.261068846753
    ],
    "mean_train_rmse": [
        464.95728902836555
    ],
    "std_train_rmse": [
        2.144951379934135
    ],
    "split0_test_mae": [
        286.4697058189877
    ],
    "split1_test_mae": [
        281.9284758036235
    ],
    "split2_test_mae": [
        276.87326328136936
    ],
    "split3_test_mae": [
        282.0779300958342
    ],
    "split4_test_mae": [
        269.0811022396892
    ],
    "split5_test_mae": [
        287.76427605453796
    ],
    "split6_test_mae": [
        280.4690413451559
    ],
    "split7_test_mae": [
        278.0772217050402
    ],
    "split8_test_mae": [
        275.4547909954384
    ],
    "split9_test_mae": [
        266.0778323753269
    ],
    "mean_test_mae": [
        278.42736397150037
    ],
    "std_test_mae": [
        6.57911552482344
    ],
    "rank_test_mae": [
        1
    ],
    "split0_train_mae": [
        255.20734497883984
    ],
    "split1_train_mae": [
        256.65513290099136
    ],
    "split2_train_mae": [
        256.60082459864924
    ],
    "split3_train_mae": [
        258.14332828502353
    ],
    "split4_train_mae": [
        259.01143569259284
    ],
    "split5_train_mae": [
        255.95077990952623
    ],
    "split6_train_mae": [
        256.9001937257762
    ],
    "split7_train_mae": [
        256.1078935152343
    ],
    "split8_train_mae": [
        257.16774996751525
    ],
    "split9_train_mae": [
        257.2529598127161
    ],
    "mean_train_mae": [
        256.89976433868645
    ],
    "std_train_mae": [
        1.0364986428324232
    ]
}