{
    "mean_fit_time": [
        1.3968080520629882
    ],
    "std_fit_time": [
        0.3553769710531491
    ],
    "mean_score_time": [
        0.07046868801116943
    ],
    "std_score_time": [
        0.025194106180576558
    ],
    "params": [
        {}
    ],
    "split0_test_r2": [
        0.981626730159761
    ],
    "split1_test_r2": [
        0.9822773983566249
    ],
    "split2_test_r2": [
        0.9796582696918098
    ],
    "split3_test_r2": [
        0.9830617247632463
    ],
    "split4_test_r2": [
        0.9802239697781856
    ],
    "split5_test_r2": [
        0.9823997361361757
    ],
    "split6_test_r2": [
        0.9819576264291529
    ],
    "split7_test_r2": [
        0.982809530510299
    ],
    "split8_test_r2": [
        0.9828548838381196
    ],
    "split9_test_r2": [
        0.9836981410999609
    ],
    "mean_test_r2": [
        0.9820568010763335
    ],
    "std_test_r2": [
        0.0011991953124649523
    ],
    "rank_test_r2": [
        1
    ],
    "split0_train_r2": [
        0.9863934279185872
    ],
    "split1_train_r2": [
        0.9863963801814568
    ],
    "split2_train_r2": [
        0.9866085887875466
    ],
    "split3_train_r2": [
        0.9863042526951465
    ],
    "split4_train_r2": [
        0.9865047720068357
    ],
    "split5_train_r2": [
        0.9863607028819699
    ],
    "split6_train_r2": [
        0.9864251447228244
    ],
    "split7_train_r2": [
        0.9863835711297486
    ],
    "split8_train_r2": [
        0.9863327401862084
    ],
    "split9_train_r2": [
        0.9862933169156312
    ],
    "mean_train_r2": [
        0.9864002897425955
    ],
    "std_train_r2": [
        9.058755395570973e-05
    ],
    "split0_test_rmse": [
        548.2776858254539
    ],
    "split1_test_rmse": [
        545.2232496467684
    ],
    "split2_test_rmse": [
        559.8716351077243
    ],
    "split3_test_rmse": [
        516.7101090542474
    ],
    "split4_test_rmse": [
        546.5613129994027
    ],
    "split5_test_rmse": [
        535.0070764220859
    ],
    "split6_test_rmse": [
        525.308612175761
    ],
    "split7_test_rmse": [
        529.2064892891085
    ],
    "split8_test_rmse": [
        518.6331614379153
    ],
    "split9_test_rmse": [
        515.2917410979119
    ],
    "mean_test_rmse": [
        534.0091073056378
    ],
    "std_test_rmse": [
        14.634042779674804
    ],
    "rank_test_rmse": [
        1
    ],
    "split0_train_rmse": [
        464.826296398796
    ],
    "split1_train_rmse": [
        464.08373116782496
    ],
    "split2_train_rmse": [
        462.66175256950453
    ],
    "split3_train_rmse": [
        467.32482142375835
    ],
    "split4_train_rmse": [
        464.94636423410765
    ],
    "split5_train_rmse": [
        465.5461974659541
    ],
    "split6_train_rmse": [
        465.99794562519173
    ],
    "split7_train_rmse": [
        465.1018598888006
    ],
    "split8_train_rmse": [
        466.95684633726444
    ],
    "split9_train_rmse": [
        466.6538550889593
    ],
    "mean_train_rmse": [
        465.4099670200161
    ],
    "std_train_rmse": [
        1.3391471635106758
    ],
    "split0_test_mae": [
        280.33093221028753
    ],
    "split1_test_mae": [
        283.16416564624615
    ],
    "split2_test_mae": [
        283.5188285384756
    ],
    "split3_test_mae": [
        276.8828119218332
    ],
    "split4_test_mae": [
        281.56454623278387
    ],
    "split5_test_mae": [
        279.4084805543916
    ],
    "split6_test_mae": [
        276.4976276598787
    ],
    "split7_test_mae": [
        280.73736154449006
    ],
    "split8_test_mae": [
        275.01900136587415
    ],
    "split9_test_mae": [
        276.35082366645725
    ],
    "mean_test_mae": [
        279.3474579340718
    ],
    "std_test_mae": [
        2.858272454055599
    ],
    "rank_test_mae": [
        1
    ],
    "split0_train_mae": [
        257.4696237469097
    ],
    "split1_train_mae": [
        256.23119194978665
    ],
    "split2_train_mae": [
        255.8366101796033
    ],
    "split3_train_mae": [
        256.98675067485885
    ],
    "split4_train_mae": [
        257.85044056815167
    ],
    "split5_train_mae": [
        256.94305717895554
    ],
    "split6_train_mae": [
        258.0984144870896
    ],
    "split7_train_mae": [
        257.15099160536374
    ],
    "split8_train_mae": [
        258.03841463024537
    ],
    "split9_train_mae": [
        256.2270599426628
    ],
    "mean_train_mae": [
        257.0832554963627
    ],
    "std_train_mae": [
        0.7568021336860151
    ]
}