{
    "mean_fit_time": [
        0.11835799217224122
    ],
    "std_fit_time": [
        0.03985813422899409
    ],
    "mean_score_time": [
        0.005380511283874512
    ],
    "std_score_time": [
        0.0011250284816669875
    ],
    "params": [
        {}
    ],
    "split0_test_r2": [
        0.8633601992530534
    ],
    "split1_test_r2": [
        0.8671726198793455
    ],
    "split2_test_r2": [
        0.8629977227978494
    ],
    "split3_test_r2": [
        0.8710119535986172
    ],
    "split4_test_r2": [
        0.8706339035645585
    ],
    "split5_test_r2": [
        0.8710639422676791
    ],
    "split6_test_r2": [
        0.8692510972871659
    ],
    "split7_test_r2": [
        0.8620743505155684
    ],
    "split8_test_r2": [
        0.8706604080622882
    ],
    "split9_test_r2": [
        0.8690703782518814
    ],
    "mean_test_r2": [
        0.8677296575478006
    ],
    "std_test_r2": [
        0.003417650321632394
    ],
    "rank_test_r2": [
        1
    ],
    "split0_train_r2": [
        0.8683303918583651
    ],
    "split1_train_r2": [
        0.867356982899975
    ],
    "split2_train_r2": [
        0.8676289049066448
    ],
    "split3_train_r2": [
        0.8675492657921657
    ],
    "split4_train_r2": [
        0.8669738702084417
    ],
    "split5_train_r2": [
        0.8674979591248234
    ],
    "split6_train_r2": [
        0.8678754980332606
    ],
    "split7_train_r2": [
        0.8689297702560724
    ],
    "split8_train_r2": [
        0.8677008935826711
    ],
    "split9_train_r2": [
        0.8674969461754424
    ],
    "mean_train_r2": [
        0.8677340482837861
    ],
    "std_train_r2": [
        0.0005180432577895563
    ],
    "split0_test_rmse": [
        1506.5307132516818
    ],
    "split1_test_rmse": [
        1463.1484592564243
    ],
    "split2_test_rmse": [
        1493.765072268944
    ],
    "split3_test_rmse": [
        1407.1203937966663
    ],
    "split4_test_rmse": [
        1431.7384942936021
    ],
    "split5_test_rmse": [
        1428.7555223387076
    ],
    "split6_test_rmse": [
        1457.2464077604454
    ],
    "split7_test_rmse": [
        1486.8935020894398
    ],
    "split8_test_rmse": [
        1415.6985042161966
    ],
    "split9_test_rmse": [
        1422.203610468289
    ],
    "mean_test_rmse": [
        1451.3100679740396
    ],
    "std_test_rmse": [
        33.54573914386079
    ],
    "rank_test_rmse": [
        1
    ],
    "split0_train_rmse": [
        1444.708975439478
    ],
    "split1_train_rmse": [
        1452.5485713140492
    ],
    "split2_train_rmse": [
        1450.164466392287
    ],
    "split3_train_rmse": [
        1455.3518601988928
    ],
    "split4_train_rmse": [
        1456.024672299741
    ],
    "split5_train_rmse": [
        1453.2054777100734
    ],
    "split6_train_rmse": [
        1449.072490922246
    ],
    "split7_train_rmse": [
        1444.348586852535
    ],
    "split8_train_rmse": [
        1453.8051439084975
    ],
    "split9_train_rmse": [
        1455.163525775903
    ],
    "mean_train_rmse": [
        1451.4393770813701
    ],
    "std_train_rmse": [
        4.036745911328539
    ],
    "split0_test_mae": [
        877.3712701193663
    ],
    "split1_test_mae": [
        846.3677068278943
    ],
    "split2_test_mae": [
        880.3657748442704
    ],
    "split3_test_mae": [
        824.3691243178141
    ],
    "split4_test_mae": [
        845.6718620599861
    ],
    "split5_test_mae": [
        838.3082698847537
    ],
    "split6_test_mae": [
        856.9336004559093
    ],
    "split7_test_mae": [
        854.8269505593729
    ],
    "split8_test_mae": [
        846.2143196079413
    ],
    "split9_test_mae": [
        833.0717136900205
    ],
    "mean_test_mae": [
        850.3500592367329
    ],
    "std_test_mae": [
        16.93481174561923
    ],
    "rank_test_mae": [
        1
    ],
    "split0_train_mae": [
        847.1370127228251
    ],
    "split1_train_mae": [
        850.3361103074513
    ],
    "split2_train_mae": [
        846.703614446626
    ],
    "split3_train_mae": [
        852.8870064495131
    ],
    "split4_train_mae": [
        850.7086275142547
    ],
    "split5_train_mae": [
        852.4325658563265
    ],
    "split6_train_mae": [
        849.7355413389714
    ],
    "split7_train_mae": [
        849.4956155151806
    ],
    "split8_train_mae": [
        850.2020049275018
    ],
    "split9_train_mae": [
        851.9586220326869
    ],
    "mean_train_mae": [
        850.1596721111337
    ],
    "std_train_mae": [
        1.9461900308610511
    ]
}