{
    "mean_fit_time": [
        0.12534120082855224
    ],
    "std_fit_time": [
        0.049623433895486624
    ],
    "mean_score_time": [
        0.005194616317749023
    ],
    "std_score_time": [
        0.0007097252800522928
    ],
    "params": [
        {}
    ],
    "split0_test_r2": [
        0.8613201495495864
    ],
    "split1_test_r2": [
        0.8717910577411734
    ],
    "split2_test_r2": [
        0.869467815322069
    ],
    "split3_test_r2": [
        0.8658109141075436
    ],
    "split4_test_r2": [
        0.8672077631544071
    ],
    "split5_test_r2": [
        0.8712361756863329
    ],
    "split6_test_r2": [
        0.8686783162547407
    ],
    "split7_test_r2": [
        0.8699619263577587
    ],
    "split8_test_r2": [
        0.8663558327148433
    ],
    "split9_test_r2": [
        0.8648648112790762
    ],
    "mean_test_r2": [
        0.8676694762167532
    ],
    "std_test_r2": [
        0.003046129915689155
    ],
    "rank_test_r2": [
        1
    ],
    "split0_train_r2": [
        0.8676447852911313
    ],
    "split1_train_r2": [
        0.8673912165620017
    ],
    "split2_train_r2": [
        0.8682063125640964
    ],
    "split3_train_r2": [
        0.8679598752664536
    ],
    "split4_train_r2": [
        0.8682802936675915
    ],
    "split5_train_r2": [
        0.8673285911756483
    ],
    "split6_train_r2": [
        0.8679896563715759
    ],
    "split7_train_r2": [
        0.8667508332291178
    ],
    "split8_train_r2": [
        0.8683536993327331
    ],
    "split9_train_r2": [
        0.8671600180439083
    ],
    "mean_train_r2": [
        0.8677065281504257
    ],
    "std_train_r2": [
        0.0005099278609145332
    ],
    "split0_test_rmse": [
        1532.6565882363057
    ],
    "split1_test_rmse": [
        1432.5462119367767
    ],
    "split2_test_rmse": [
        1421.1801010626486
    ],
    "split3_test_rmse": [
        1440.3376403062784
    ],
    "split4_test_rmse": [
        1448.315134228419
    ],
    "split5_test_rmse": [
        1422.1235187137256
    ],
    "split6_test_rmse": [
        1437.8178779831055
    ],
    "split7_test_rmse": [
        1445.0917874407169
    ],
    "split8_test_rmse": [
        1443.6536909614374
    ],
    "split9_test_rmse": [
        1491.9162545787094
    ],
    "mean_test_rmse": [
        1451.5638805448123
    ],
    "std_test_rmse": [
        32.84191910942729
    ],
    "rank_test_rmse": [
        1
    ],
    "split0_train_rmse": [
        1446.7348946449788
    ],
    "split1_train_rmse": [
        1452.9175268431084
    ],
    "split2_train_rmse": [
        1451.13685597889
    ],
    "split3_train_rmse": [
        1452.5534635762497
    ],
    "split4_train_rmse": [
        1449.106716621133
    ],
    "split5_train_rmse": [
        1454.786246816823
    ],
    "split6_train_rmse": [
        1450.9747511453254
    ],
    "split7_train_rmse": [
        1456.1426598058065
    ],
    "split8_train_rmse": [
        1449.7067685622956
    ],
    "split9_train_rmse": [
        1451.7988245474178
    ],
    "mean_train_rmse": [
        1451.5858708542028
    ],
    "std_train_rmse": [
        2.598959550467478
    ],
    "split0_test_mae": [
        884.1623535237891
    ],
    "split1_test_mae": [
        845.4878289777744
    ],
    "split2_test_mae": [
        835.3066682760679
    ],
    "split3_test_mae": [
        841.1624101215762
    ],
    "split4_test_mae": [
        840.7114278900808
    ],
    "split5_test_mae": [
        841.4133688723571
    ],
    "split6_test_mae": [
        839.919846183965
    ],
    "split7_test_mae": [
        838.8457325858628
    ],
    "split8_test_mae": [
        860.1895575382831
    ],
    "split9_test_mae": [
        876.9788349528092
    ],
    "mean_test_mae": [
        850.4178028922564
    ],
    "std_test_mae": [
        16.423754417794946
    ],
    "rank_test_mae": [
        1
    ],
    "split0_train_mae": [
        846.2988079946117
    ],
    "split1_train_mae": [
        850.6101029100679
    ],
    "split2_train_mae": [
        852.1562757157063
    ],
    "split3_train_mae": [
        851.0899188824666
    ],
    "split4_train_mae": [
        850.8747780127355
    ],
    "split5_train_mae": [
        850.8435460733609
    ],
    "split6_train_mae": [
        850.6177744221133
    ],
    "split7_train_mae": [
        852.8026202019074
    ],
    "split8_train_mae": [
        849.4984319964747
    ],
    "split9_train_mae": [
        847.4035911426524
    ],
    "mean_train_mae": [
        850.2195847352098
    ],
    "std_train_mae": [
        1.9008514564171746
    ]
}