{
    "mean_fit_time": [
        0.14533445835113526
    ],
    "std_fit_time": [
        0.14196452515686445
    ],
    "mean_score_time": [
        0.005186128616333008
    ],
    "std_score_time": [
        0.0013230709718753545
    ],
    "params": [
        {}
    ],
    "split0_test_r2": [
        0.9131727504600431
    ],
    "split1_test_r2": [
        0.9022947741768789
    ],
    "split2_test_r2": [
        0.9064800769429813
    ],
    "split3_test_r2": [
        0.906293422093765
    ],
    "split4_test_r2": [
        0.9086885858483533
    ],
    "split5_test_r2": [
        0.9096741703528624
    ],
    "split6_test_r2": [
        0.890287310780744
    ],
    "split7_test_r2": [
        0.8996763441571674
    ],
    "split8_test_r2": [
        0.8889445871582721
    ],
    "split9_test_r2": [
        0.8842576347833264
    ],
    "mean_test_r2": [
        0.9009769656754394
    ],
    "std_test_r2": [
        0.009404295186157497
    ],
    "rank_test_r2": [
        1
    ],
    "split0_train_r2": [
        0.9049706957893914
    ],
    "split1_train_r2": [
        0.9061599066703122
    ],
    "split2_train_r2": [
        0.9056911162735489
    ],
    "split3_train_r2": [
        0.9057153191444951
    ],
    "split4_train_r2": [
        0.9054594327753377
    ],
    "split5_train_r2": [
        0.9053223459486739
    ],
    "split6_train_r2": [
        0.9074505397843412
    ],
    "split7_train_r2": [
        0.9064537305511392
    ],
    "split8_train_r2": [
        0.9059215334936771
    ],
    "split9_train_r2": [
        0.905210402313384
    ],
    "mean_train_r2": [
        0.9058355022744301
    ],
    "std_train_r2": [
        0.0006842427307573564
    ],
    "split0_test_rmse": [
        1159.1560489929375
    ],
    "split1_test_rmse": [
        1251.6763570227104
    ],
    "split2_test_rmse": [
        1234.6526468823602
    ],
    "split3_test_rmse": [
        1196.1259411035874
    ],
    "split4_test_rmse": [
        1194.2080692103802
    ],
    "split5_test_rmse": [
        1220.6693033118931
    ],
    "split6_test_rmse": [
        1319.4714958336754
    ],
    "split7_test_rmse": [
        1267.7316922877558
    ],
    "split8_test_rmse": [
        1322.3467206850873
    ],
    "split9_test_rmse": [
        1378.9656763443393
    ],
    "mean_test_rmse": [
        1254.5003951674728
    ],
    "std_test_rmse": [
        64.93903150920647
    ],
    "rank_test_rmse": [
        1
    ],
    "split0_train_rmse": [
        1232.2212154600857
    ],
    "split1_train_rmse": [
        1222.092124825311
    ],
    "split2_train_rmse": [
        1224.0144848313366
    ],
    "split3_train_rmse": [
        1228.2547694131
    ],
    "split4_train_rmse": [
        1228.4365971312911
    ],
    "split5_train_rmse": [
        1225.552357526779
    ],
    "split6_train_rmse": [
        1214.3378299928775
    ],
    "split7_train_rmse": [
        1220.2471285583147
    ],
    "split8_train_rmse": [
        1224.8764947228353
    ],
    "split9_train_rmse": [
        1226.5766296968145
    ],
    "mean_train_rmse": [
        1224.6609632158745
    ],
    "std_train_rmse": [
        4.710678985658986
    ],
    "split0_test_mae": [
        789.8415561378174
    ],
    "split1_test_mae": [
        824.1880426605697
    ],
    "split2_test_mae": [
        814.416738505557
    ],
    "split3_test_mae": [
        790.3288781227711
    ],
    "split4_test_mae": [
        799.6346863135749
    ],
    "split5_test_mae": [
        800.8920868153265
    ],
    "split6_test_mae": [
        831.4910524146532
    ],
    "split7_test_mae": [
        817.0142742656129
    ],
    "split8_test_mae": [
        804.5430168770191
    ],
    "split9_test_mae": [
        813.8098054208743
    ],
    "mean_test_mae": [
        808.6160137533776
    ],
    "std_test_mae": [
        13.193643617361161
    ],
    "rank_test_mae": [
        1
    ],
    "split0_train_mae": [
        810.3139169831534
    ],
    "split1_train_mae": [
        804.5302441159487
    ],
    "split2_train_mae": [
        806.4032542167903
    ],
    "split3_train_mae": [
        809.0953530788413
    ],
    "split4_train_mae": [
        807.5143675729811
    ],
    "split5_train_mae": [
        807.4671419766253
    ],
    "split6_train_mae": [
        800.4685660732856
    ],
    "split7_train_mae": [
        804.3905875319675
    ],
    "split8_train_mae": [
        805.8541908268747
    ],
    "split9_train_mae": [
        810.8349076652689
    ],
    "mean_train_mae": [
        806.6872530041737
    ],
    "std_train_mae": [
        2.9465419863802746
    ]
}