{
    "mean_fit_time": [
        0.13015320301055908
    ],
    "std_fit_time": [
        0.1244640841714632
    ],
    "mean_score_time": [
        0.007763028144836426
    ],
    "std_score_time": [
        0.0036115334868850593
    ],
    "params": [
        {}
    ],
    "split0_test_r2": [
        0.9070601368329596
    ],
    "split1_test_r2": [
        0.9117019552088406
    ],
    "split2_test_r2": [
        0.8966860000637881
    ],
    "split3_test_r2": [
        0.9041849699352102
    ],
    "split4_test_r2": [
        0.9160315181322612
    ],
    "split5_test_r2": [
        0.9049875196659124
    ],
    "split6_test_r2": [
        0.8563465512203562
    ],
    "split7_test_r2": [
        0.9067690861017685
    ],
    "split8_test_r2": [
        0.9115236280984149
    ],
    "split9_test_r2": [
        0.8984529213610274
    ],
    "mean_test_r2": [
        0.901374428662054
    ],
    "std_test_r2": [
        0.016015317090815485
    ],
    "rank_test_r2": [
        1
    ],
    "split0_train_r2": [
        0.9056218154648601
    ],
    "split1_train_r2": [
        0.9051079036169134
    ],
    "split2_train_r2": [
        0.9067890136837182
    ],
    "split3_train_r2": [
        0.9059470096860072
    ],
    "split4_train_r2": [
        0.9046374252144945
    ],
    "split5_train_r2": [
        0.9058565072459642
    ],
    "split6_train_r2": [
        0.908493848879784
    ],
    "split7_train_r2": [
        0.9056546185589243
    ],
    "split8_train_r2": [
        0.9051268238806381
    ],
    "split9_train_r2": [
        0.9051189318776918
    ],
    "mean_train_r2": [
        0.9058353898108995
    ],
    "std_train_r2": [
        0.0010510819799338812
    ],
    "split0_test_rmse": [
        1215.1259279533076
    ],
    "split1_test_rmse": [
        1185.3578130682056
    ],
    "split2_test_rmse": [
        1294.877864780989
    ],
    "split3_test_rmse": [
        1234.7832453132346
    ],
    "split4_test_rmse": [
        1149.7562277229665
    ],
    "split5_test_rmse": [
        1224.9645309828036
    ],
    "split6_test_rmse": [
        1512.837844255267
    ],
    "split7_test_rmse": [
        1218.5812025368546
    ],
    "split8_test_rmse": [
        1194.6627182459463
    ],
    "split9_test_rmse": [
        1265.7693304948252
    ],
    "mean_test_rmse": [
        1249.67167053544
    ],
    "std_test_rmse": [
        95.75837087836102
    ],
    "rank_test_rmse": [
        1
    ],
    "split0_train_rmse": [
        1226.2305306131793
    ],
    "split1_train_rmse": [
        1229.4232682136633
    ],
    "split2_train_rmse": [
        1217.1549334615725
    ],
    "split3_train_rmse": [
        1223.9804153858358
    ],
    "split4_train_rmse": [
        1233.2214820568684
    ],
    "split5_train_rmse": [
        1225.1014371123676
    ],
    "split6_train_rmse": [
        1207.2212917999273
    ],
    "split7_train_rmse": [
        1225.8304318991927
    ],
    "split8_train_rmse": [
        1228.3972151258085
    ],
    "split9_train_rmse": [
        1229.963616972623
    ],
    "mean_train_rmse": [
        1224.652462264104
    ],
    "std_train_rmse": [
        7.092319842214466
    ],
    "split0_test_mae": [
        820.1910083010584
    ],
    "split1_test_mae": [
        780.030779156775
    ],
    "split2_test_mae": [
        820.2545323088158
    ],
    "split3_test_mae": [
        807.5365628577254
    ],
    "split4_test_mae": [
        788.7833317119257
    ],
    "split5_test_mae": [
        808.0809578905137
    ],
    "split6_test_mae": [
        851.4924478736327
    ],
    "split7_test_mae": [
        811.7609261805006
    ],
    "split8_test_mae": [
        800.4094896411689
    ],
    "split9_test_mae": [
        796.6023201012484
    ],
    "mean_test_mae": [
        808.5142356023364
    ],
    "std_test_mae": [
        18.818048220128446
    ],
    "rank_test_mae": [
        1
    ],
    "split0_train_mae": [
        805.2285548834333
    ],
    "split1_train_mae": [
        810.8524650472555
    ],
    "split2_train_mae": [
        802.5115593391363
    ],
    "split3_train_mae": [
        806.6431317125529
    ],
    "split4_train_mae": [
        811.1240704265695
    ],
    "split5_train_mae": [
        806.5878760401167
    ],
    "split6_train_mae": [
        801.3843620167239
    ],
    "split7_train_mae": [
        805.6641302918854
    ],
    "split8_train_mae": [
        808.4380582252587
    ],
    "split9_train_mae": [
        808.3537692757809
    ],
    "mean_train_mae": [
        806.6787977258713
    ],
    "std_train_mae": [
        3.0268745243588713
    ]
}