{
    "mean_fit_time": [
        0.06303505897521973
    ],
    "std_fit_time": [
        0.007881298255328642
    ],
    "mean_score_time": [
        0.014073038101196289
    ],
    "std_score_time": [
        0.0018101479178028815
    ],
    "params": [
        {}
    ],
    "split0_test_r2": [
        0.8930806213663472
    ],
    "split1_test_r2": [
        0.9039726149678039
    ],
    "split2_test_r2": [
        0.8802503917624168
    ],
    "split3_test_r2": [
        0.8981769485184863
    ],
    "split4_test_r2": [
        0.8967190466369928
    ],
    "split5_test_r2": [
        0.9124239361800143
    ],
    "split6_test_r2": [
        0.9085199430974897
    ],
    "split7_test_r2": [
        0.909280758371656
    ],
    "split8_test_r2": [
        0.8997610060421624
    ],
    "split9_test_r2": [
        0.9090003447320957
    ],
    "mean_test_r2": [
        0.9011185611675465
    ],
    "std_test_r2": [
        0.00921641088855293
    ],
    "rank_test_r2": [
        1
    ],
    "split0_train_r2": [
        0.9052740143404396
    ],
    "split1_train_r2": [
        0.9059654310465269
    ],
    "split2_train_r2": [
        0.905951907262164
    ],
    "split3_train_r2": [
        0.906647874041665
    ],
    "split4_train_r2": [
        0.906789007085675
    ],
    "split5_train_r2": [
        0.9050382166761564
    ],
    "split6_train_r2": [
        0.9054446318627208
    ],
    "split7_train_r2": [
        0.9053855998762423
    ],
    "split8_train_r2": [
        0.9064338724517558
    ],
    "split9_train_r2": [
        0.9054255372874289
    ],
    "mean_train_r2": [
        0.9058356091930776
    ],
    "std_train_r2": [
        0.000585815144691192
    ],
    "split0_test_rmse": [
        1278.139561800684
    ],
    "split1_test_rmse": [
        1217.6986334720598
    ],
    "split2_test_rmse": [
        1381.1593705259186
    ],
    "split3_test_rmse": [
        1299.9091633888806
    ],
    "split4_test_rmse": [
        1297.1128403335988
    ],
    "split5_test_rmse": [
        1174.8667534204706
    ],
    "split6_test_rmse": [
        1239.9645339211431
    ],
    "split7_test_rmse": [
        1198.0700938267432
    ],
    "split8_test_rmse": [
        1258.976949757084
    ],
    "split9_test_rmse": [
        1188.2988458754444
    ],
    "mean_test_rmse": [
        1253.4196746322027
    ],
    "std_test_rmse": [
        59.968028804225995
    ],
    "rank_test_rmse": [
        1
    ],
    "split0_train_rmse": [
        1231.0830219854222
    ],
    "split1_train_rmse": [
        1225.8870316372027
    ],
    "split2_train_rmse": [
        1223.9035391004081
    ],
    "split3_train_rmse": [
        1216.5247889010457
    ],
    "split4_train_rmse": [
        1216.9067064837411
    ],
    "split5_train_rmse": [
        1230.5583445479022
    ],
    "split6_train_rmse": [
        1223.3991025454925
    ],
    "split7_train_rmse": [
        1228.0451959920038
    ],
    "split8_train_rmse": [
        1221.2488351093502
    ],
    "split9_train_rmse": [
        1229.0902882118396
    ],
    "mean_train_rmse": [
        1224.6646854514406
    ],
    "std_train_rmse": [
        4.987298204917964
    ],
    "split0_test_mae": [
        792.3045545839115
    ],
    "split1_test_mae": [
        804.2831651363638
    ],
    "split2_test_mae": [
        812.9980979463198
    ],
    "split3_test_mae": [
        828.6493612064284
    ],
    "split4_test_mae": [
        815.8192082011418
    ],
    "split5_test_mae": [
        799.2995715551612
    ],
    "split6_test_mae": [
        817.8649196734966
    ],
    "split7_test_mae": [
        804.7123446672405
    ],
    "split8_test_mae": [
        813.0029892540767
    ],
    "split9_test_mae": [
        795.0753857866173
    ],
    "mean_test_mae": [
        808.4009598010758
    ],
    "std_test_mae": [
        10.709666781539157
    ],
    "rank_test_mae": [
        1
    ],
    "split0_train_mae": [
        809.1230706654784
    ],
    "split1_train_mae": [
        808.3951239867985
    ],
    "split2_train_mae": [
        807.6641226387239
    ],
    "split3_train_mae": [
        802.3357067898858
    ],
    "split4_train_mae": [
        802.9655037421763
    ],
    "split5_train_mae": [
        809.1624855200238
    ],
    "split6_train_mae": [
        805.3761542964692
    ],
    "split7_train_mae": [
        807.9229969273625
    ],
    "split8_train_mae": [
        804.4155255197289
    ],
    "split9_train_mae": [
        809.4402051756972
    ],
    "mean_train_mae": [
        806.6800895262345
    ],
    "std_train_mae": [
        2.5436877642561293
    ]
}