{
    "mean_fit_time": [
        0.08688216209411621
    ],
    "std_fit_time": [
        0.03396218227122338
    ],
    "mean_score_time": [
        0.01304323673248291
    ],
    "std_score_time": [
        0.0022561091213331684
    ],
    "params": [
        {}
    ],
    "split0_test_r2": [
        0.8016148036318904
    ],
    "split1_test_r2": [
        0.9010816712913973
    ],
    "split2_test_r2": [
        0.9103009007303878
    ],
    "split3_test_r2": [
        0.8864829394623
    ],
    "split4_test_r2": [
        0.9030657999581847
    ],
    "split5_test_r2": [
        0.9022691422005731
    ],
    "split6_test_r2": [
        0.9110504685437444
    ],
    "split7_test_r2": [
        0.9107917274452484
    ],
    "split8_test_r2": [
        0.9070041584622005
    ],
    "split9_test_r2": [
        0.9140541592287169
    ],
    "mean_test_r2": [
        0.8947715770954645
    ],
    "std_test_r2": [
        0.03193113260959141
    ],
    "rank_test_r2": [
        1
    ],
    "split0_train_r2": [
        0.9063766524206099
    ],
    "split1_train_r2": [
        0.9062762591698159
    ],
    "split2_train_r2": [
        0.9052671921485936
    ],
    "split3_train_r2": [
        0.907690201933375
    ],
    "split4_train_r2": [
        0.9060779008292819
    ],
    "split5_train_r2": [
        0.9061474973020783
    ],
    "split6_train_r2": [
        0.905156372220614
    ],
    "split7_train_r2": [
        0.9052138892585908
    ],
    "split8_train_r2": [
        0.9056285453099422
    ],
    "split9_train_r2": [
        0.9048083310935926
    ],
    "mean_train_r2": [
        0.9058642841686494
    ],
    "std_train_r2": [
        0.000796451098262314
    ],
    "split0_test_rmse": [
        1789.9026943472732
    ],
    "split1_test_rmse": [
        1234.6677146451714
    ],
    "split2_test_rmse": [
        1194.7496599638446
    ],
    "split3_test_rmse": [
        1306.2529608327932
    ],
    "split4_test_rmse": [
        1249.1598507834808
    ],
    "split5_test_rmse": [
        1226.0598209121538
    ],
    "split6_test_rmse": [
        1204.5185427780923
    ],
    "split7_test_rmse": [
        1194.4684380503925
    ],
    "split8_test_rmse": [
        1238.7892854196818
    ],
    "split9_test_rmse": [
        1189.6032471466267
    ],
    "mean_test_rmse": [
        1282.817221487951
    ],
    "std_test_rmse": [
        172.24311219262427
    ],
    "rank_test_rmse": [
        1
    ],
    "split0_train_rmse": [
        1220.2034451091058
    ],
    "split1_train_rmse": [
        1223.998024451706
    ],
    "split2_train_rmse": [
        1228.422112011232
    ],
    "split3_train_rmse": [
        1216.3349704470772
    ],
    "split4_train_rmse": [
        1222.368084579507
    ],
    "split5_train_rmse": [
        1224.9571869508923
    ],
    "split6_train_rmse": [
        1227.4341442550015
    ],
    "split7_train_rmse": [
        1228.4187633485096
    ],
    "split8_train_rmse": [
        1223.5476051061387
    ],
    "split9_train_rmse": [
        1228.955849446244
    ],
    "mean_train_rmse": [
        1224.4640185705416
    ],
    "std_train_rmse": [
        3.8759738035501945
    ],
    "split0_test_mae": [
        842.1396667334835
    ],
    "split1_test_mae": [
        806.9821051397959
    ],
    "split2_test_mae": [
        806.8782869830493
    ],
    "split3_test_mae": [
        790.3514010927253
    ],
    "split4_test_mae": [
        813.3488939978382
    ],
    "split5_test_mae": [
        793.9686325955208
    ],
    "split6_test_mae": [
        813.5339194014409
    ],
    "split7_test_mae": [
        796.022903293574
    ],
    "split8_test_mae": [
        816.6606273221095
    ],
    "split9_test_mae": [
        814.9031125506185
    ],
    "mean_test_mae": [
        809.4789549110155
    ],
    "std_test_mae": [
        14.069952515943775
    ],
    "rank_test_mae": [
        1
    ],
    "split0_train_mae": [
        806.2416758854702
    ],
    "split1_train_mae": [
        806.3960145721359
    ],
    "split2_train_mae": [
        807.4648518296335
    ],
    "split3_train_mae": [
        804.8644117707706
    ],
    "split4_train_mae": [
        804.1585677174965
    ],
    "split5_train_mae": [
        807.7663661539915
    ],
    "split6_train_mae": [
        807.575218731778
    ],
    "split7_train_mae": [
        808.8978540528527
    ],
    "split8_train_mae": [
        806.4875192560067
    ],
    "split9_train_mae": [
        805.5004115817185
    ],
    "mean_train_mae": [
        806.5352891551854
    ],
    "std_train_mae": [
        1.3661002710550294
    ]
}