{
    "mean_fit_time": [
        40.527776050567624
    ],
    "std_fit_time": [
        3.7133368573982106
    ],
    "mean_score_time": [
        0.2827040195465088
    ],
    "std_score_time": [
        0.03439217142698981
    ],
    "params": [
        {}
    ],
    "split0_test_r2": [
        0.9799376983803691
    ],
    "split1_test_r2": [
        0.9790487378972241
    ],
    "split2_test_r2": [
        0.9818856472442792
    ],
    "split3_test_r2": [
        0.982225092221756
    ],
    "split4_test_r2": [
        0.9834917483953255
    ],
    "split5_test_r2": [
        0.9825478407199154
    ],
    "split6_test_r2": [
        0.9796057587020791
    ],
    "split7_test_r2": [
        0.9810793231412247
    ],
    "split8_test_r2": [
        0.9829653585765694
    ],
    "split9_test_r2": [
        0.9823234544399669
    ],
    "mean_test_r2": [
        0.9815110659718711
    ],
    "std_test_r2": [
        0.0014414657175397018
    ],
    "rank_test_r2": [
        1
    ],
    "split0_train_r2": [
        0.9974659808918682
    ],
    "split1_train_r2": [
        0.9974454224097938
    ],
    "split2_train_r2": [
        0.9973993903804171
    ],
    "split3_train_r2": [
        0.9974074226410935
    ],
    "split4_train_r2": [
        0.9973821527564205
    ],
    "split5_train_r2": [
        0.9974222216591954
    ],
    "split6_train_r2": [
        0.9974704186075093
    ],
    "split7_train_r2": [
        0.9974001219904023
    ],
    "split8_train_r2": [
        0.9974184929320975
    ],
    "split9_train_r2": [
        0.9973879325495758
    ],
    "mean_train_r2": [
        0.9974199556818373
    ],
    "std_train_r2": [
        2.9578001229630046e-05
    ],
    "split0_test_rmse": [
        574.3942476361354
    ],
    "split1_test_rmse": [
        560.5483739936208
    ],
    "split2_test_rmse": [
        530.5431074517682
    ],
    "split3_test_rmse": [
        526.5636794945393
    ],
    "split4_test_rmse": [
        509.6412583187473
    ],
    "split5_test_rmse": [
        520.4445826374343
    ],
    "split6_test_rmse": [
        582.6270943736673
    ],
    "split7_test_rmse": [
        560.9592504128832
    ],
    "split8_test_rmse": [
        523.3361889057863
    ],
    "split9_test_rmse": [
        533.0482754635059
    ],
    "mean_test_rmse": [
        542.2106058688088
    ],
    "std_test_rmse": [
        23.90132979162299
    ],
    "rank_test_rmse": [
        1
    ],
    "split0_train_rmse": [
        200.5370186733769
    ],
    "split1_train_rmse": [
        202.36133943866608
    ],
    "split2_train_rmse": [
        203.7988656466933
    ],
    "split3_train_rmse": [
        203.44122102605976
    ],
    "split4_train_rmse": [
        204.3345647122859
    ],
    "split5_train_rmse": [
        202.91538854256217
    ],
    "split6_train_rmse": [
        200.22163010561803
    ],
    "split7_train_rmse": [
        202.99055286391985
    ],
    "split8_train_rmse": [
        202.6678166478129
    ],
    "split9_train_rmse": [
        203.8659712333045
    ],
    "mean_train_rmse": [
        202.71343688902994
    ],
    "std_train_rmse": [
        1.2982197434290836
    ],
    "split0_test_mae": [
        278.6322585877652
    ],
    "split1_test_mae": [
        267.88478812062607
    ],
    "split2_test_mae": [
        265.8109723050091
    ],
    "split3_test_mae": [
        263.7657724380202
    ],
    "split4_test_mae": [
        256.75598316389613
    ],
    "split5_test_mae": [
        264.05008865377397
    ],
    "split6_test_mae": [
        275.4640406357303
    ],
    "split7_test_mae": [
        280.5936765537191
    ],
    "split8_test_mae": [
        264.42010160312674
    ],
    "split9_test_mae": [
        267.33154244642446
    ],
    "mean_test_mae": [
        268.4709224508091
    ],
    "std_test_mae": [
        7.09341847236993
    ],
    "rank_test_mae": [
        1
    ],
    "split0_train_mae": [
        99.11968675836725
    ],
    "split1_train_mae": [
        99.7103737293451
    ],
    "split2_train_mae": [
        99.77683456719026
    ],
    "split3_train_mae": [
        99.91337989259895
    ],
    "split4_train_mae": [
        100.10872835900197
    ],
    "split5_train_mae": [
        99.95534888232248
    ],
    "split6_train_mae": [
        99.07888176958184
    ],
    "split7_train_mae": [
        99.31654514291357
    ],
    "split8_train_mae": [
        99.58506220242953
    ],
    "split9_train_mae": [
        99.98365024752141
    ],
    "mean_train_mae": [
        99.65484915512722
    ],
    "std_train_mae": [
        0.35023922981221023
    ]
}