{
    "mean_fit_time": [
        41.26249506473541
    ],
    "std_fit_time": [
        4.2311403928112785
    ],
    "mean_score_time": [
        0.30117809772491455
    ],
    "std_score_time": [
        0.03778589260164013
    ],
    "params": [
        {}
    ],
    "split0_test_r2": [
        0.9831533488824021
    ],
    "split1_test_r2": [
        0.980700759053193
    ],
    "split2_test_r2": [
        0.9815024475339311
    ],
    "split3_test_r2": [
        0.9790170169186316
    ],
    "split4_test_r2": [
        0.9823405934593211
    ],
    "split5_test_r2": [
        0.982350236961481
    ],
    "split6_test_r2": [
        0.9805171040754235
    ],
    "split7_test_r2": [
        0.9844882575002171
    ],
    "split8_test_r2": [
        0.9814856344016428
    ],
    "split9_test_r2": [
        0.9804971778329942
    ],
    "mean_test_r2": [
        0.9816052576619239
    ],
    "std_test_r2": [
        0.001475055729339397
    ],
    "rank_test_r2": [
        1
    ],
    "split0_train_r2": [
        0.9974199126448756
    ],
    "split1_train_r2": [
        0.997394492158762
    ],
    "split2_train_r2": [
        0.9973408323637619
    ],
    "split3_train_r2": [
        0.9974568392114254
    ],
    "split4_train_r2": [
        0.9974252259241483
    ],
    "split5_train_r2": [
        0.9974020811999398
    ],
    "split6_train_r2": [
        0.9973965642772117
    ],
    "split7_train_r2": [
        0.9973928990260235
    ],
    "split8_train_r2": [
        0.9974125753225311
    ],
    "split9_train_r2": [
        0.9974562775519723
    ],
    "mean_train_r2": [
        0.9974097699680652
    ],
    "std_train_r2": [
        3.1987560663700203e-05
    ],
    "split0_test_rmse": [
        518.1331432559393
    ],
    "split1_test_rmse": [
        555.2113022803488
    ],
    "split2_test_rmse": [
        535.7198061145145
    ],
    "split3_test_rmse": [
        574.49519135064
    ],
    "split4_test_rmse": [
        540.1937631318558
    ],
    "split5_test_rmse": [
        546.2981696983846
    ],
    "split6_test_rmse": [
        558.9328322839572
    ],
    "split7_test_rmse": [
        495.23551708232634
    ],
    "split8_test_rmse": [
        544.1077782221336
    ],
    "split9_test_rmse": [
        537.8957782637494
    ],
    "mean_test_rmse": [
        540.6223281683849
    ],
    "std_test_rmse": [
        20.82600693692861
    ],
    "rank_test_rmse": [
        1
    ],
    "split0_train_rmse": [
        202.71274337769339
    ],
    "split1_train_rmse": [
        203.6826163831982
    ],
    "split2_train_rmse": [
        206.09513320737116
    ],
    "split3_train_rmse": [
        201.39992401926344
    ],
    "split4_train_rmse": [
        202.08727906763545
    ],
    "split5_train_rmse": [
        202.71418611488065
    ],
    "split6_train_rmse": [
        203.5550365945588
    ],
    "split7_train_rmse": [
        203.8596362635482
    ],
    "split8_train_rmse": [
        202.9619738131432
    ],
    "split9_train_rmse": [
        202.04853675177583
    ],
    "mean_train_rmse": [
        203.1117065593068
    ],
    "std_train_rmse": [
        1.2422684155635522
    ],
    "split0_test_mae": [
        262.907919073007
    ],
    "split1_test_mae": [
        270.84029160319665
    ],
    "split2_test_mae": [
        260.49645261827493
    ],
    "split3_test_mae": [
        272.577805127823
    ],
    "split4_test_mae": [
        269.2305652912996
    ],
    "split5_test_mae": [
        273.0065119433958
    ],
    "split6_test_mae": [
        272.5309710702969
    ],
    "split7_test_mae": [
        258.4951186501496
    ],
    "split8_test_mae": [
        269.905877767105
    ],
    "split9_test_mae": [
        264.41694524306365
    ],
    "mean_test_mae": [
        267.4408458387612
    ],
    "std_test_mae": [
        5.119102523299486
    ],
    "rank_test_mae": [
        1
    ],
    "split0_train_mae": [
        99.67402024379894
    ],
    "split1_train_mae": [
        99.56080483881256
    ],
    "split2_train_mae": [
        100.44403736958182
    ],
    "split3_train_mae": [
        99.20454811612709
    ],
    "split4_train_mae": [
        99.44537454585151
    ],
    "split5_train_mae": [
        99.57590661836318
    ],
    "split6_train_mae": [
        99.34243603080158
    ],
    "split7_train_mae": [
        100.23997364350784
    ],
    "split8_train_mae": [
        99.60685699229593
    ],
    "split9_train_mae": [
        99.45423415617087
    ],
    "mean_train_mae": [
        99.65481925553112
    ],
    "std_train_mae": [
        0.36978841347259095
    ]
}