{
    "mean_fit_time": [
        0.020687413215637208
    ],
    "std_fit_time": [
        0.001303353716420397
    ],
    "mean_score_time": [
        0.005169987678527832
    ],
    "std_score_time": [
        0.0005372191333798618
    ],
    "params": [
        {}
    ],
    "split0_test_r2": [
        0.9147044931163987
    ],
    "split1_test_r2": [
        0.8973999596166325
    ],
    "split2_test_r2": [
        0.901873045906592
    ],
    "split3_test_r2": [
        0.9125172311953289
    ],
    "split4_test_r2": [
        0.9044998147666913
    ],
    "split5_test_r2": [
        0.9079998471904781
    ],
    "split6_test_r2": [
        0.9103055313271283
    ],
    "split7_test_r2": [
        0.8766542311501181
    ],
    "split8_test_r2": [
        0.884297194394409
    ],
    "split9_test_r2": [
        0.8905231297051213
    ],
    "mean_test_r2": [
        0.9000774478368898
    ],
    "std_test_r2": [
        0.012062237294554821
    ],
    "rank_test_r2": [
        1
    ],
    "split0_train_r2": [
        0.9047439267437585
    ],
    "split1_train_r2": [
        0.9066988280573276
    ],
    "split2_train_r2": [
        0.9061895025715669
    ],
    "split3_train_r2": [
        0.9050165849937207
    ],
    "split4_train_r2": [
        0.9059167196238063
    ],
    "split5_train_r2": [
        0.9055279395999987
    ],
    "split6_train_r2": [
        0.9052582765649418
    ],
    "split7_train_r2": [
        0.9065212662245661
    ],
    "split8_train_r2": [
        0.9051380164515088
    ],
    "split9_train_r2": [
        0.9073715100826456
    ],
    "mean_train_r2": [
        0.9058382570913842
    ],
    "std_train_r2": [
        0.000805182812226399
    ],
    "split0_test_rmse": [
        1179.3842631987825
    ],
    "split1_test_rmse": [
        1289.394119247798
    ],
    "split2_test_rmse": [
        1226.2564220631957
    ],
    "split3_test_rmse": [
        1185.2601583205228
    ],
    "split4_test_rmse": [
        1242.8968160303114
    ],
    "split5_test_rmse": [
        1199.0497765362604
    ],
    "split6_test_rmse": [
        1201.7230507373347
    ],
    "split7_test_rmse": [
        1395.6295561779366
    ],
    "split8_test_rmse": [
        1367.8555853744538
    ],
    "split9_test_rmse": [
        1301.4405578382691
    ],
    "mean_test_rmse": [
        1258.8890305524867
    ],
    "std_test_rmse": [
        72.95506618354582
    ],
    "rank_test_rmse": [
        1
    ],
    "split0_train_rmse": [
        1230.1164052698846
    ],
    "split1_train_rmse": [
        1217.7986236490226
    ],
    "split2_train_rmse": [
        1224.927451589473
    ],
    "split3_train_rmse": [
        1229.4140729267763
    ],
    "split4_train_rmse": [
        1223.0790017372397
    ],
    "split5_train_rmse": [
        1227.9301569876081
    ],
    "split6_train_rmse": [
        1227.6778658158253
    ],
    "split7_train_rmse": [
        1220.7819252028637
    ],
    "split8_train_rmse": [
        1228.1121091494956
    ],
    "split9_train_rmse": [
        1216.5233450329679
    ],
    "mean_train_rmse": [
        1224.6360957361157
    ],
    "std_train_rmse": [
        4.636599417504171
    ],
    "split0_test_mae": [
        789.0645281152077
    ],
    "split1_test_mae": [
        820.8679671433151
    ],
    "split2_test_mae": [
        801.30872211702
    ],
    "split3_test_mae": [
        791.8911307548519
    ],
    "split4_test_mae": [
        816.6822280747687
    ],
    "split5_test_mae": [
        796.2953574001057
    ],
    "split6_test_mae": [
        816.7725109352962
    ],
    "split7_test_mae": [
        821.7792281119753
    ],
    "split8_test_mae": [
        818.0253992277267
    ],
    "split9_test_mae": [
        815.1587987781143
    ],
    "mean_test_mae": [
        808.7845870658382
    ],
    "std_test_mae": [
        12.054918586009034
    ],
    "rank_test_mae": [
        1
    ],
    "split0_train_mae": [
        809.7986209610872
    ],
    "split1_train_mae": [
        801.6755786156384
    ],
    "split2_train_mae": [
        807.38665323275
    ],
    "split3_train_mae": [
        809.7240595510882
    ],
    "split4_train_mae": [
        804.6498989121765
    ],
    "split5_train_mae": [
        808.0366249051217
    ],
    "split6_train_mae": [
        807.1953865163665
    ],
    "split7_train_mae": [
        808.7372688326666
    ],
    "split8_train_mae": [
        805.7149754446907
    ],
    "split9_train_mae": [
        804.4458043304812
    ],
    "mean_train_mae": [
        806.7364871302068
    ],
    "std_train_mae": [
        2.4675170116427583
    ]
}