{
    "mean_fit_time": [
        0.04846973419189453
    ],
    "std_fit_time": [
        0.04690258791068335
    ],
    "mean_score_time": [
        0.004787635803222656
    ],
    "std_score_time": [
        0.00074592732494186
    ],
    "params": [
        {}
    ],
    "split0_test_r2": [
        0.9058466563385135
    ],
    "split1_test_r2": [
        0.8976045280860556
    ],
    "split2_test_r2": [
        0.8832313900953565
    ],
    "split3_test_r2": [
        0.9012633240265717
    ],
    "split4_test_r2": [
        0.9122820152565883
    ],
    "split5_test_r2": [
        0.9105396755767236
    ],
    "split6_test_r2": [
        0.9084979939238291
    ],
    "split7_test_r2": [
        0.8868307178809539
    ],
    "split8_test_r2": [
        0.9017104860575982
    ],
    "split9_test_r2": [
        0.9009908393816927
    ],
    "mean_test_r2": [
        0.9008797626623883
    ],
    "std_test_r2": [
        0.009090930622657607
    ],
    "rank_test_r2": [
        1
    ],
    "split0_train_r2": [
        0.9057654658275953
    ],
    "split1_train_r2": [
        0.9066829106376908
    ],
    "split2_train_r2": [
        0.9057322853572899
    ],
    "split3_train_r2": [
        0.9062596116853058
    ],
    "split4_train_r2": [
        0.9050192040536655
    ],
    "split5_train_r2": [
        0.9052330365127398
    ],
    "split6_train_r2": [
        0.9054640717694171
    ],
    "split7_train_r2": [
        0.9056493950527384
    ],
    "split8_train_r2": [
        0.9062312359095623
    ],
    "split9_train_r2": [
        0.9063001913982336
    ],
    "mean_train_r2": [
        0.905833740820424
    ],
    "std_train_r2": [
        0.0004987928351723979
    ],
    "split0_test_rmse": [
        1205.9150848387321
    ],
    "split1_test_rmse": [
        1278.9955318991285
    ],
    "split2_test_rmse": [
        1355.9098199819318
    ],
    "split3_test_rmse": [
        1240.4019735397526
    ],
    "split4_test_rmse": [
        1202.086605448574
    ],
    "split5_test_rmse": [
        1198.8751186299473
    ],
    "split6_test_rmse": [
        1211.1289125091366
    ],
    "split7_test_rmse": [
        1334.5050697230633
    ],
    "split8_test_rmse": [
        1260.6715172678723
    ],
    "split9_test_rmse": [
        1259.8423545994467
    ],
    "mean_test_rmse": [
        1254.8331988437585
    ],
    "std_test_rmse": [
        52.566056475465025
    ],
    "rank_test_rmse": [
        1
    ],
    "split0_train_rmse": [
        1227.172393083564
    ],
    "split1_train_rmse": [
        1218.944425175571
    ],
    "split2_train_rmse": [
        1226.116426247196
    ],
    "split3_train_rmse": [
        1223.3674617390157
    ],
    "split4_train_rmse": [
        1227.599358080683
    ],
    "split5_train_rmse": [
        1227.9777199288424
    ],
    "split6_train_rmse": [
        1226.6342430678135
    ],
    "split7_train_rmse": [
        1226.6962826342078
    ],
    "split8_train_rmse": [
        1221.0593750773278
    ],
    "split9_train_rmse": [
        1221.191848040996
    ],
    "mean_train_rmse": [
        1224.6759533075217
    ],
    "std_train_rmse": [
        3.0895461482848634
    ],
    "split0_test_mae": [
        804.058324167362
    ],
    "split1_test_mae": [
        819.1928416153023
    ],
    "split2_test_mae": [
        814.67017891664
    ],
    "split3_test_mae": [
        793.5943250603632
    ],
    "split4_test_mae": [
        801.5647475395909
    ],
    "split5_test_mae": [
        812.6341577867661
    ],
    "split6_test_mae": [
        813.1800874528756
    ],
    "split7_test_mae": [
        804.8301877294494
    ],
    "split8_test_mae": [
        815.08729290796
    ],
    "split9_test_mae": [
        807.6952556190639
    ],
    "mean_test_mae": [
        808.6507398795372
    ],
    "std_test_mae": [
        7.339537747745841
    ],
    "rank_test_mae": [
        1
    ],
    "split0_train_mae": [
        807.5950158018907
    ],
    "split1_train_mae": [
        803.4671243655366
    ],
    "split2_train_mae": [
        812.2761782966043
    ],
    "split3_train_mae": [
        806.1978014333839
    ],
    "split4_train_mae": [
        807.400249548849
    ],
    "split5_train_mae": [
        807.6669359337591
    ],
    "split6_train_mae": [
        807.801971244026
    ],
    "split7_train_mae": [
        806.4530888892009
    ],
    "split8_train_mae": [
        804.6245113621197
    ],
    "split9_train_mae": [
        804.1958483143712
    ],
    "mean_train_mae": [
        806.7678725189741
    ],
    "std_train_mae": [
        2.3628687682902605
    ]
}