{
    "mean_fit_time": [
        0.8090878963470459
    ],
    "std_fit_time": [
        0.12977173588977717
    ],
    "mean_score_time": [
        0.06185269355773926
    ],
    "std_score_time": [
        0.046546873428133295
    ],
    "params": [
        {}
    ],
    "split0_test_r2": [
        0.9842526316642761
    ],
    "split1_test_r2": [
        0.9803422093391418
    ],
    "split2_test_r2": [
        0.9812902212142944
    ],
    "split3_test_r2": [
        0.9819380640983582
    ],
    "split4_test_r2": [
        0.9798340201377869
    ],
    "split5_test_r2": [
        0.9817433953285217
    ],
    "split6_test_r2": [
        0.9817383885383606
    ],
    "split7_test_r2": [
        0.9790599346160889
    ],
    "split8_test_r2": [
        0.9831127524375916
    ],
    "split9_test_r2": [
        0.9790543913841248
    ],
    "mean_test_r2": [
        0.9812366008758545
    ],
    "std_test_r2": [
        0.0016089445884794119
    ],
    "rank_test_r2": [
        1
    ],
    "split0_train_r2": [
        0.9903212785720825
    ],
    "split1_train_r2": [
        0.9910838007926941
    ],
    "split2_train_r2": [
        0.9904996156692505
    ],
    "split3_train_r2": [
        0.9910037517547607
    ],
    "split4_train_r2": [
        0.9908593893051147
    ],
    "split5_train_r2": [
        0.99083411693573
    ],
    "split6_train_r2": [
        0.9908496141433716
    ],
    "split7_train_r2": [
        0.9910167455673218
    ],
    "split8_train_r2": [
        0.9905272126197815
    ],
    "split9_train_r2": [
        0.9907594919204712
    ],
    "mean_train_r2": [
        0.9907755017280578
    ],
    "std_train_r2": [
        0.00023783315250042186
    ],
    "split0_test_rmse": [
        504.49908447265625
    ],
    "split1_test_rmse": [
        565.6904296875
    ],
    "split2_test_rmse": [
        544.59375
    ],
    "split3_test_rmse": [
        539.1095581054688
    ],
    "split4_test_rmse": [
        549.8565063476562
    ],
    "split5_test_rmse": [
        547.3264770507812
    ],
    "split6_test_rmse": [
        533.1229858398438
    ],
    "split7_test_rmse": [
        588.0711669921875
    ],
    "split8_test_rmse": [
        511.4681701660156
    ],
    "split9_test_rmse": [
        577.1973876953125
    ],
    "mean_test_rmse": [
        546.0935516357422
    ],
    "std_test_rmse": [
        25.055067869397316
    ],
    "rank_test_rmse": [
        1
    ],
    "split0_train_rmse": [
        392.3096008300781
    ],
    "split1_train_rmse": [
        376.38433837890625
    ],
    "split2_train_rmse": [
        389.10009765625
    ],
    "split3_train_rmse": [
        378.3186340332031
    ],
    "split4_train_rmse": [
        382.8028564453125
    ],
    "split5_train_rmse": [
        381.44305419921875
    ],
    "split6_train_rmse": [
        382.24847412109375
    ],
    "split7_train_rmse": [
        377.4786682128906
    ],
    "split8_train_rmse": [
        389.0178527832031
    ],
    "split9_train_rmse": [
        383.666259765625
    ],
    "mean_train_rmse": [
        383.2769836425781
    ],
    "std_train_rmse": [
        5.088871402401992
    ],
    "split0_test_mae": [
        267.6142883300781
    ],
    "split1_test_mae": [
        283.4999084472656
    ],
    "split2_test_mae": [
        277.8273010253906
    ],
    "split3_test_mae": [
        274.5416564941406
    ],
    "split4_test_mae": [
        276.6216735839844
    ],
    "split5_test_mae": [
        276.9501647949219
    ],
    "split6_test_mae": [
        275.5628356933594
    ],
    "split7_test_mae": [
        287.1510925292969
    ],
    "split8_test_mae": [
        267.6851501464844
    ],
    "split9_test_mae": [
        281.5522155761719
    ],
    "mean_test_mae": [
        276.9006286621094
    ],
    "std_test_mae": [
        5.913665159425626
    ],
    "rank_test_mae": [
        1
    ],
    "split0_train_mae": [
        220.4939422607422
    ],
    "split1_train_mae": [
        214.71060180664062
    ],
    "split2_train_mae": [
        218.90786743164062
    ],
    "split3_train_mae": [
        215.0357666015625
    ],
    "split4_train_mae": [
        217.1299285888672
    ],
    "split5_train_mae": [
        216.1565399169922
    ],
    "split6_train_mae": [
        219.3080596923828
    ],
    "split7_train_mae": [
        215.16685485839844
    ],
    "split8_train_mae": [
        218.86448669433594
    ],
    "split9_train_mae": [
        218.7845916748047
    ],
    "mean_train_mae": [
        217.45586395263672
    ],
    "std_train_mae": [
        1.973473416061746
    ]
}