{
    "mean_fit_time": [
        0.7624609708786011
    ],
    "std_fit_time": [
        0.10019840099262245
    ],
    "mean_score_time": [
        0.02563199996948242
    ],
    "std_score_time": [
        0.0014134014663220022
    ],
    "params": [
        {}
    ],
    "split0_test_r2": [
        0.980358362197876
    ],
    "split1_test_r2": [
        0.9813657999038696
    ],
    "split2_test_r2": [
        0.9826354384422302
    ],
    "split3_test_r2": [
        0.9814478754997253
    ],
    "split4_test_r2": [
        0.9800789952278137
    ],
    "split5_test_r2": [
        0.9823389053344727
    ],
    "split6_test_r2": [
        0.9801714420318604
    ],
    "split7_test_r2": [
        0.9808893203735352
    ],
    "split8_test_r2": [
        0.9817136526107788
    ],
    "split9_test_r2": [
        0.9811761379241943
    ],
    "mean_test_r2": [
        0.9812175929546356
    ],
    "std_test_r2": [
        0.0008262743642311475
    ],
    "rank_test_r2": [
        1
    ],
    "split0_train_r2": [
        0.9906535744667053
    ],
    "split1_train_r2": [
        0.9909765124320984
    ],
    "split2_train_r2": [
        0.990834653377533
    ],
    "split3_train_r2": [
        0.9910395741462708
    ],
    "split4_train_r2": [
        0.9909647703170776
    ],
    "split5_train_r2": [
        0.9907243251800537
    ],
    "split6_train_r2": [
        0.9909931421279907
    ],
    "split7_train_r2": [
        0.9909908771514893
    ],
    "split8_train_r2": [
        0.9906272292137146
    ],
    "split9_train_r2": [
        0.9909293055534363
    ],
    "mean_train_r2": [
        0.990873396396637
    ],
    "std_train_r2": [
        0.00014508858270076273
    ],
    "split0_test_rmse": [
        574.9234008789062
    ],
    "split1_test_rmse": [
        552.8480224609375
    ],
    "split2_test_rmse": [
        524.0699462890625
    ],
    "split3_test_rmse": [
        549.162109375
    ],
    "split4_test_rmse": [
        553.1078491210938
    ],
    "split5_test_rmse": [
        520.5639038085938
    ],
    "split6_test_rmse": [
        558.4166870117188
    ],
    "split7_test_rmse": [
        551.0172119140625
    ],
    "split8_test_rmse": [
        541.5366821289062
    ],
    "split9_test_rmse": [
        541.8518676757812
    ],
    "mean_test_rmse": [
        546.7497680664062
    ],
    "std_test_rmse": [
        15.108787007828967
    ],
    "rank_test_rmse": [
        1
    ],
    "split0_train_rmse": [
        384.6113586425781
    ],
    "split1_train_rmse": [
        378.4798889160156
    ],
    "split2_train_rmse": [
        382.21343994140625
    ],
    "split3_train_rmse": [
        377.34716796875
    ],
    "split4_train_rmse": [
        380.10565185546875
    ],
    "split5_train_rmse": [
        385.1465759277344
    ],
    "split6_train_rmse": [
        379.02410888671875
    ],
    "split7_train_rmse": [
        378.85955810546875
    ],
    "split8_train_rmse": [
        386.2210998535156
    ],
    "split9_train_rmse": [
        380.5352783203125
    ],
    "mean_train_rmse": [
        381.25441284179686
    ],
    "std_train_rmse": [
        2.958321621521441
    ],
    "split0_test_mae": [
        282.3663024902344
    ],
    "split1_test_mae": [
        273.4343566894531
    ],
    "split2_test_mae": [
        269.77215576171875
    ],
    "split3_test_mae": [
        272.111328125
    ],
    "split4_test_mae": [
        281.7299499511719
    ],
    "split5_test_mae": [
        267.3403015136719
    ],
    "split6_test_mae": [
        281.0625915527344
    ],
    "split7_test_mae": [
        282.72930908203125
    ],
    "split8_test_mae": [
        275.0491943359375
    ],
    "split9_test_mae": [
        275.4178771972656
    ],
    "mean_test_mae": [
        276.10133666992186
    ],
    "std_test_mae": [
        5.299966898309548
    ],
    "rank_test_mae": [
        1
    ],
    "split0_train_mae": [
        217.51097106933594
    ],
    "split1_train_mae": [
        214.1031951904297
    ],
    "split2_train_mae": [
        217.77085876464844
    ],
    "split3_train_mae": [
        215.19667053222656
    ],
    "split4_train_mae": [
        215.6141357421875
    ],
    "split5_train_mae": [
        216.8638458251953
    ],
    "split6_train_mae": [
        214.3202667236328
    ],
    "split7_train_mae": [
        215.1400909423828
    ],
    "split8_train_mae": [
        217.29005432128906
    ],
    "split9_train_mae": [
        216.60507202148438
    ],
    "mean_train_mae": [
        216.04151611328126
    ],
    "std_train_mae": [
        1.2700931377192952
    ]
}